tender_id,title,url,start_date,end_date,end_time,region,city,price,categories,category_urls
85583696,"Поставка системы аспирационной общего назначения, вакуумной для оснащения женской консультации ГБУЗ РК Красногвардейская ЦРБ",https://rostender.info/region/krym-respublika/85583696-tender-postavka-sistemy-aspiracionnoj-obshchego-naznacheniya-vakuumnoj-dlya-osnashcheniya-jenskoj-konsultacii-gbuz-rk-krasnogvardejskaya-crb, 03.08.25,05.08.2025,09:00,Крым республика,Красногвардейский р-н,—,"['Проектирование, монтаж и обслуживание систем вентиляции', 'Очистное и Фильтрующее оборудование и материалы, монтаж и обслуживание']","['https://rostender.info/tendery-proektirovanie-montaj-i-obslujivanie-sistem-ventilyacii', 'https://rostender.info/tendery-ochistnoe-i-filtruyushchee-oborudovanie-i-materialy-montaj-i-obslujivanie']"
85583698,"Оказание услуг по адаптивному сопровождению специального программного обеспечения государственной информационной системы Санкт-Петербурга ""Региональный фрагмент единой государственной информационной системы в сфере здравоохранения"" в 2025 году",https://rostender.info/region/sankt-peterburg-gorod/85583698-tender-okazanie-uslug-po-adaptivnomu-soprovojdeniyu-specialnogo-programmnogo-obespecheniya-gosudarstvennoj-informacionnoj-sistemy-sankt, 03.08.25,19.08.2025,07:00,Санкт-Петербург город,г. Санкт-Петербург,6 122 947 ₽,"['Программное обеспечение (юридическое, бухгалтерское, информационно-справочные системы). Сопровождение']",['https://rostender.info/tendery-programmnoe-obespechenie-yuridicheskoe-buhgalterskoe-informacionno-spravochnye-sistemy-soprovojdenie']
85583697,выполнение работ по реконструкции внутренних сетей электроснабжения КНС,https://rostender.info/region/hanty-mansijskij-avtonomnyj-okrug---yugra-avtonomnyj-okrug/hanty-mansijsk/85583697-tender-vypolnenie-rabot-po-rekonstrukcii-vnutrennih-setej-elektrosnabjeniya-kns, 03.08.25,11.08.2025,07:00,Ханты-Мансийский Автономный округ - Югра автономный округ,г. Ханты-Мансийск,1 601 781 ₽,['Электротехнические работы в зданиях'],['https://rostender.info/tendery-elektrotehnicheskie-raboty-v-zdaniyah']
85583695,Запрос технико-коммерческих предложений в рамках мониторинга рынка на закупку техники бытовой для филиала АО Инфраструктурные проекты - Зуевская ТЭС,https://rostender.info/region/donetskaya-narodnaya-respublika/85583695-tender-zapros-tehniko-kommercheskih-predlojenij-v-ramkah-monitoringa-rynka-na-zakupku-tehniki-bytovoj-dlya-filiala-ao, 03.08.25,07.08.2025,12:00,Донецкая Народная Республика,г. Зугрэс,—,"['Бытовая техника (холодильники, телевизоры, микроволновые печи и пр.), ремонт и обслуживание']",['https://rostender.info/tendery-bytovaya-tehnika-holodilniki-televizory-mikrovolnovye-pechi-i-pr-remont-i-obslujivanie']
85583692,Приобретение ноутбука и МФУ,https://rostender.info/region/moskovskaya-oblast/ramenskoe/85583692-tender-priobretenie-noutbuka-i-mfu, 03.08.25,04.08.2025,14:35,Московская область,"г. Раменское,  поселок Гжелка",163 400 ₽,"['Вычислительное оборудование, Компьютеры, Серверы и их части']",['https://rostender.info/tendery-vychislitelnoe-oborudovanie-kompyutery-servery-i-ih-chasti']
85583700,поставка учебного оборудования по физике,https://rostender.info/region/kareliya-respublika/petrozavodsk/85583700-tender-postavka-uchebnogo-oborudovaniya-po-fizike, 03.08.25,06.08.2025,07:00,Карелия республика,г. Петрозаводск,204 900 ₽,['Учебное оборудование и материалы'],['https://rostender.info/tendery-uchebnoe-oborudovanie-i-materialy']
85583687,Стол ученический,https://rostender.info/region/nijegorodskaya-oblast/nijnij-novgorod/85583687-tender-stol-uchenicheskij, 03.08.25,03.08.2025,14:30,Нижегородская область,г. Нижний Новгород,148 680 ₽,"['Мебель, Элементы интерьера']",['https://rostender.info/tendery-mebel-elementy-interera']
85583699,Светильник операционный,https://rostender.info/region/dagestan-respublika/dagestanskie-ogni/85583699-tender-svetilnik-operacionnyj, 03.08.25,03.08.2025,15:07,Дагестан республика,г. Дагестанские Огни,1 484 182 ₽,"['Светотехническая продукция, Лампы и другое осветительное оборудование', 'Медицинское оборудование, Медицинская техника, Медицинский инструмент']","['https://rostender.info/tendery-svetotehnicheskaya-produkciya-lampy-i-drugoe-osvetitelnoe-oborudovanie', 'https://rostender.info/tendery-medicinskoe-oborudovanie-medicinskaya-tehnika-medicinskij-instrument']"
85583694,Поставка системных блоков,https://rostender.info/region/habarovskij-kraj/habarovsk/85583694-tender-postavka-sistemnyh-blokov, 03.08.25,05.08.2025,11:00,Хабаровский край,г. Хабаровск,—,"['Вычислительное оборудование, Компьютеры, Серверы и их части']",['https://rostender.info/tendery-vychislitelnoe-oborudovanie-kompyutery-servery-i-ih-chasti']
85583683,Кабели с медной жилой; Трубы кабеленесущие; Метизы; Кабельная арматура,https://rostender.info/region/sankt-peterburg-gorod/85583683-tender-kabeli-s-mednoj-jiloj-truby-kabelenesushchie-metizy-kabelnaya-armatura, 03.08.25,11.08.2025,,Санкт-Петербург город,Санкт-Петербург,—,"['Метизы, Крепежные изделия', 'Кабельно-проводниковая продукция']","['https://rostender.info/tendery-metizy-krepejnye-izdeliya', 'https://rostender.info/tendery-kabelno-provodnikovaya-produkciya']"
85583685,"Электробензоинструмент; Инструмент ручной; Расходные материалы для инструмента (буры, биты, диски); Сварочный инструмент; Технические газы и газовое оборудование; Метизы",https://rostender.info/region/moskva-gorod/85583685-tender-elektrobenzoinstrument-instrument-ruchnoj-rashodnye-materialy-dlya-instrumenta-bury-bity-diski-svarochnyj-instrument-tehnicheskie-gazy-i, 03.08.25,08.08.2025,,Москва город,г. Москва,—,"['Инструменты', 'Металло- и дерево-обрабатывающее оборудование, Станки, монтаж и обслуживание', 'Технические газы']","['https://rostender.info/tendery-instrumenty', 'https://rostender.info/tendery-metallo--i-derevo-obrabatyvayushchee-oborudovanie-stanki-montaj-i-obslujivanie', 'https://rostender.info/tendery-tehnicheskie-gazy']"
85583680,Поставка мебели,https://rostender.info/region/moskovskaya-oblast/lobnya/85583680-tender-postavka-mebeli, 03.08.25,04.08.2025,14:19,Московская область,г. Лобня,390 234 ₽,"['Торговое и складское оборудование, Оборудование для хранения', 'Мебель, Элементы интерьера']","['https://rostender.info/tendery-torgovoe-i-skladskoe-oborudovanie-oborudovanie-dlya-hraneniya', 'https://rostender.info/tendery-mebel-elementy-interera']"
85583679,Металлопластиковые трубы; Техническая изоляция (для коммуникаций); Сшитый полиэтилен,https://rostender.info/region/donetskaya-narodnaya-respublika/donetsk/85583679-tender-metalloplastikovye-truby-tehnicheskaya-izolyaciya-dlya-kommunikacij-sshityj-polietilen, 03.08.25,15.08.2025,,Донецкая Народная Республика,Респ. Донецкая Народная,—,['Сантехнические изделия. Неметаллические трубы'],['https://rostender.info/tendery-santehnicheskie-izdeliya-nemetallicheskie-truby']
85583678,Металлопластиковые трубы; Техническая изоляция (для коммуникаций); Запорно-регулирующая трубопроводная арматура,https://rostender.info/region/donetskaya-narodnaya-respublika/donetsk/85583678-tender-metalloplastikovye-truby-tehnicheskaya-izolyaciya-dlya-kommunikacij-zaporno-reguliruyushchaya-truboprovodnaya, 03.08.25,15.08.2025,,Донецкая Народная Республика,Респ. Донецкая Народная,—,"['Трубопроводная и запорная арматура, радиаторы']",['https://rostender.info/tendery-truboprovodnaya-i-zapornaya-armatura-radiatory']
85583682,Кабели с медной жилой; Трубы кабеленесущие; Метизы; Металлические лотки,https://rostender.info/region/donetskaya-narodnaya-respublika/donetsk/85583682-tender-kabeli-s-mednoj-jiloj-truby-kabelenesushchie-metizy-metallicheskie-lotki, 03.08.25,05.08.2025,,Донецкая Народная Республика,Респ. Донецкая Народная,—,['Кабельно-проводниковая продукция'],['https://rostender.info/tendery-kabelno-provodnikovaya-produkciya']
85583677,Линолеум; Лакокрасочные материалы; Санфаянс; Зеркала,https://rostender.info/region/moskva-gorod/85583677-tender-linoleum-lakokrasochnye-materialy-sanfayans-zerkala, 03.08.25,15.08.2025,,Москва город,г. Москва,—,"['Отделочные материалы', 'Краски, Лаки, Клеи']","['https://rostender.info/tendery-otdelochnye-materialy', 'https://rostender.info/tendery-kraski-laki-klei']"
85583674,Трубы кабеленесущие; Кабели с медной жилой,https://rostender.info/region/donetskaya-narodnaya-respublika/donetsk/85583674-tender-truby-kabelenesushchie-kabeli-s-mednoj-jiloj, 03.08.25,05.08.2025,,Донецкая Народная Республика,Респ. Донецкая Народная,—,['Кабельно-проводниковая продукция'],['https://rostender.info/tendery-kabelno-provodnikovaya-produkciya']
85583673,Бетон; АБН,https://rostender.info/region/sverdlovskaya-oblast/85583673-tender-beton-abn, 03.08.25,03.08.2025,,Свердловская область,Свердловская обл,—,['Строительные материалы'],['https://rostender.info/tendery-stroitelnye-materialy']
85583672,Метизы,https://rostender.info/region/donetskaya-narodnaya-respublika/donetsk/85583672-tender-metizy, 03.08.25,05.08.2025,,Донецкая Народная Республика,Респ. Донецкая Народная,—,"['Метизы, Крепежные изделия']",['https://rostender.info/tendery-metizy-krepejnye-izdeliya']
85583670,Метизы; Инструмент ручной; СИЗ,https://rostender.info/region/donetskaya-narodnaya-respublika/donetsk/85583670-tender-metizy-instrument-ruchnoj-siz, 03.08.25,05.08.2025,,Донецкая Народная Республика,Респ. Донецкая Народная,—,"['Метизы, Крепежные изделия', 'Инструменты']","['https://rostender.info/tendery-metizy-krepejnye-izdeliya', 'https://rostender.info/tendery-instrumenty']"
85583693,Поставка изделий медицинского назначения,https://rostender.info/region/vologodskaya-oblast/vologda/85583693-tender-postavka-izdelij-medicinskogo-naznacheniya, 03.08.25,06.08.2025,08:00,Вологодская область,г. Вологда,599 924 ₽,"['Медицинские расходные материалы, Средства реабилитации, Одноразовый медицинский инструмент']",['https://rostender.info/tendery-medicinskie-rashodnye-materialy-sredstva-reabilitacii-odnorazovyj-medicinskij-instrument']
85583665,Запасные части для ремонта фронтального погрузчика LIUGONG CLG877H Заводской номер: CLG877HZJNL770690 Год выпуска: 2023,https://rostender.info/region/vologodskaya-oblast/85583665-tender-zapasnye-chasti-dlya-remonta-frontalnogo-pogruzchika-liugong-clg877h-zavodskoj-nomer-clg877hzjnl770690-god-vypuska-2023, 03.08.25,07.08.2025,14:00,Вологодская область,"Грязовецкий район,  поселок городского типа Вохтога",—,['Запчасти для спецтехники'],['https://rostender.info/tendery-zapchasti-dlya-spectehniki']
85583664,Клапана,https://rostender.info/region/chelyabinskaya-oblast/magnitogorsk/85583664-tender-klapana, 03.08.25,11.08.2025,13:00,Челябинская область,г. Магнитогорск,—,"['Трубопроводная и запорная арматура, радиаторы']",['https://rostender.info/tendery-truboprovodnaya-i-zapornaya-armatura-radiatory']
85583661,Техноэласт Фундамент Гидро,https://rostender.info/region/altaj-respublika/85583661-tender-tehnoelast-fundament-gidro, 03.08.25,05.08.2025,16:00,Алтай республика,"Майминский район,  село Озерное",—,['Строительные материалы'],['https://rostender.info/tendery-stroitelnye-materialy']
85583660,"Поставка. Смесь бетонная БСТ В12, 5 П3 F100 W4, (цемент, песок, щебень гранитный), ГОСТ 7473-2010 для нужд АО ""Разрез Колыванский""",https://rostender.info/region/novosibirskaya-oblast/85583660-tender-postavka-smes-betonnaya-bst-v125-p3-f100-w4-cement-pesok-shcheben-granitnyj-gost-7473-2010-dlya-nujd-ao-razrez-kolyvanskij, 03.08.25,05.08.2025,12:00,Новосибирская область,"Искитимский район,  село Усть-Чем",—,"['Строительные материалы', 'Продукция каменных карьеров, щебень, песок, глина']","['https://rostender.info/tendery-stroitelnye-materialy', 'https://rostender.info/tendery-produkciya-kamennyh-karerov-shcheben-pesok-glina']"
85583691,Мебель кухонная,https://rostender.info/region/samarskaya-oblast/85583691-tender-mebel-kuhonnaya, 03.08.25,06.08.2025,07:00,Самарская область,"Кошкинский район,  село Кошки",50 000 ₽,"['Мебель, Элементы интерьера']",['https://rostender.info/tendery-mebel-elementy-interera']
85583690,Поставка ИМН (лезвия скальпеля),https://rostender.info/region/kareliya-respublika/petrozavodsk/85583690-tender-postavka-imn-lezviya-skalpelya, 03.08.25,12.08.2025,07:00,Карелия республика,г. Петрозаводск,30 990 ₽,"['Медицинские расходные материалы, Средства реабилитации, Одноразовый медицинский инструмент']",['https://rostender.info/tendery-medicinskie-rashodnye-materialy-sredstva-reabilitacii-odnorazovyj-medicinskij-instrument']
85583689,"Капитальный ремонт спортивных залов (среднего и батутного) в муниципальном автономном учреждении дополнительного образования спортивная школа №1 им. С. Т. Шевченко города Славянска-на-Кубани муниципального образования Славянский район"", расположенной по адресу: Российская Федерация, 353560, Краснодарский край, Славянский р-н, г. Славянск-на-Кубани, ул. Дзержинского, д. 264",https://rostender.info/region/krasnodarskij-kraj/slavyansk-na-kubani/85583689-tender-kapitalnyj-remont-sportivnyh-zalov-srednego-i-batutnogo-v-municipalnom-avtonomnom-uchrejdenii-dopolnitelnogo, 03.08.25,19.08.2025,00:00,Краснодарский край,Славянск-На-Кубани,30 500 000 ₽,['Ремонт зданий и сооружений'],['https://rostender.info/tendery-remont-zdanij-i-soorujenij']
85583654,Кран общепромышленного назначения,https://rostender.info/region/krasnodarskij-kraj/krasnodar/85583654-tender-kran-obshchepromyshlennogo-naznacheniya, 03.08.25,03.08.2025,13:54,Краснодарский край,г. Краснодар,75 000 ₽,"['Трубопроводная и запорная арматура, радиаторы']",['https://rostender.info/tendery-truboprovodnaya-i-zapornaya-armatura-radiatory']
85583651,Поставка медицинских изделий и расходных материалов,https://rostender.info/region/stavropolskij-kraj/stavropol/85583651-tender-postavka-medicinskih-izdelij-i-rashodnyh-materialov, 03.08.25,08.08.2025,10:00,Ставропольский край,г. Ставрополь,535 690 ₽,"['Медицинские расходные материалы, Средства реабилитации, Одноразовый медицинский инструмент']",['https://rostender.info/tendery-medicinskie-rashodnye-materialy-sredstva-reabilitacii-odnorazovyj-medicinskij-instrument']
85583652,Выполнение работ по ремонту сетей водоснабженияв г. Ханты-Мансийске,https://rostender.info/region/hanty-mansijskij-avtonomnyj-okrug---yugra-avtonomnyj-okrug/hanty-mansijsk/85583652-tender-vypolnenie-rabot-po-remontu-setej-vodosnabjeniyav-g-hanty-mansijske, 03.08.25,11.08.2025,07:00,Ханты-Мансийский Автономный округ - Югра автономный округ,г. Ханты-Мансийск,358 198 ₽,['Строительство и ремонт трубопроводов и прочих инженерных коммуникаций'],['https://rostender.info/tendery-stroitelstvo-i-remont-truboprovodov-i-prochih-injenernyh-kommunikacij']
85583686,Поставка реагентов,https://rostender.info/region/vologodskaya-oblast/vologda/85583686-tender-postavka-reagentov, 03.08.25,06.08.2025,08:00,Вологодская область,г. Вологда,174 708 ₽,"['Медицинские расходные материалы, Средства реабилитации, Одноразовый медицинский инструмент']",['https://rostender.info/tendery-medicinskie-rashodnye-materialy-sredstva-reabilitacii-odnorazovyj-medicinskij-instrument']
85583676,Выполнение работ по текущему ремонту крыльца столовой (СОШ Солнечная),https://rostender.info/region/moskovskaya-oblast/solnechnogorsk/85583676-tender-vypolnenie-rabot-po-tekushchemu-remontu-krylca-stolovoj-sosh-solnechnaya, 03.08.25,04.08.2025,14:04,Московская область,г.Солнечногорск,389 188 ₽,['Ремонт зданий и сооружений'],['https://rostender.info/tendery-remont-zdanij-i-soorujenij']
85583684,Геотекстиль; Дренажные системы; Канализационные трубы; Техническая изоляция (для коммуникаций); ПНД трубы (для водоснабжения); Трубы кабеленесущие; Запорно-регулирующая трубопроводная арматура,https://rostender.info/region/sankt-peterburg-gorod/85583684-tender-geotekstil-drenajnye-sistemy-kanalizacionnye-truby-tehnicheskaya-izolyaciya-dlya-kommunikacij-pnd-truby-dlya-vodosnabjeniya-truby, 03.08.25,04.08.2025,,Санкт-Петербург город,Санкт-Петербург,—,"['Трубопроводная и запорная арматура, радиаторы']",['https://rostender.info/tendery-truboprovodnaya-i-zapornaya-armatura-radiatory']
85583671,Бетон,https://rostender.info/region/moskva-gorod/85583671-tender-beton, 03.08.25,04.08.2025,,Москва город,г. Москва,—,['Строительные материалы'],['https://rostender.info/tendery-stroitelnye-materialy']
85583675,Дорожное и парковочное оборудование,https://rostender.info/region/sankt-peterburg-gorod/85583675-tender-dorojnoe-i-parkovochnoe-oborudovanie, 03.08.25,11.08.2025,,Санкт-Петербург город,Санкт-Петербург,—,"['Материалы для строительства дорог, ЖД путей']",['https://rostender.info/tendery-materialy-dlya-stroitelstva-dorog-jd-putej']
85583681,"Кабели с медной жилой; Щитовое оборудование; Электроустановочная продукция; Лампы; Кабельная арматура; Расходные материалы для инструмента (буры, биты, диски); Шкафы и щиты электрические",https://rostender.info/region/sankt-peterburg-gorod/85583681-tender-kabeli-s-mednoj-jiloj-shchitovoe-oborudovanie-elektroustanovochnaya-produkciya-lampy-kabelnaya-armatura-rashodnye-materialy-dlya, 03.08.25,11.08.2025,,Санкт-Петербург город,Санкт-Петербург,—,"['Кабельно-проводниковая продукция', 'Электрическая распределительная и регулирующая аппаратура, Электроустановочные изделия, Электронные компоненты']","['https://rostender.info/tendery-kabelno-provodnikovaya-produkciya', 'https://rostender.info/tendery-elektricheskaya-raspredelitelnaya-i-reguliruyushchaya-apparatura-elektroustanovochnye-izdeliya-elektronnye-komponenty']"
85583669,Стулья обеденные,https://rostender.info/region/altajskij-kraj/barnaul/85583669-tender-stulya-obedennye, 03.08.25,05.08.2025,10:00,Алтайский край,Барнаул,63 600 ₽,"['Мебель, Элементы интерьера']",['https://rostender.info/tendery-mebel-elementy-interera']
85583667,ТРУБА МЕТАЛЛИЧЕСКАЯ 152Х36 СТАЛЬ 38Х2Н2МА ГОСТ 8732-78 для ПАО ММК,https://rostender.info/region/chelyabinskaya-oblast/magnitogorsk/85583667-tender-truba-metallicheskaya-152h36-stal-38h2n2ma-gost-8732-78-dlya-pao-mmk, 03.08.25,07.08.2025,15:00,Челябинская область,г. Магнитогорск,—,['Металлические трубы'],['https://rostender.info/tendery-metallicheskie-truby']
85583666,Труба 377х8,https://rostender.info/region/chelyabinskaya-oblast/magnitogorsk/85583666-tender-truba-377h8, 03.08.25,11.08.2025,14:00,Челябинская область,г. Магнитогорск,—,['Металлические трубы'],['https://rostender.info/tendery-metallicheskie-truby']
85583662,Торги на кабельную продукцию,https://rostender.info/region/chelyabinskaya-oblast/magnitogorsk/85583662-tender-torgi-na-kabelnuyu-produkciyu, 03.08.25,05.08.2025,13:00,Челябинская область,г. Магнитогорск,—,['Кабельно-проводниковая продукция'],['https://rostender.info/tendery-kabelno-provodnikovaya-produkciya']
85583657,Поставка продуктов питания(мясная-рыбная продукция) сентябрь-деккабрь,https://rostender.info/region/krasnodarskij-kraj/krasnodar/85583657-tender-postavka-produktov-pitaniyamyasnaya-rybnaya-produkciya-sentyabr-dekkabr, 03.08.25,11.08.2025,08:00,Краснодарский край,г. Краснодар,596 687 ₽,"['Рыба, Морепродукты, Продукция рыболовства']",['https://rostender.info/tendery-ryba-moreprodukty-produkciya-rybolovstva']
85583659,Поставка продуктов питания (молочная продукция) сентябрь-декабрь,https://rostender.info/region/krasnodarskij-kraj/krasnodar/85583659-tender-postavka-produktov-pitaniya-molochnaya-produkciya-sentyabr-dekabr, 03.08.25,11.08.2025,08:00,Краснодарский край,г. Краснодар,1 865 524 ₽,"['Молочная продукция, Сыры, Мороженое']",['https://rostender.info/tendery-molochnaya-produkciya-syry-morojenoe']
85583656,Поставка продуктов питания(бакалея) на сентбрь-декабрь,https://rostender.info/region/krasnodarskij-kraj/krasnodar/85583656-tender-postavka-produktov-pitaniyabakaleya-na-sentbr-dekabr, 03.08.25,08.08.2025,08:00,Краснодарский край,г. Краснодар,952 357 ₽,"['Чай, Кофе, Какао, Соль, Сахар, Специи, Пищевые добавки, Консервы, Бакалея']",['https://rostender.info/tendery-chaj-kofe-kakao-sol-sahar-specii-pishchevye-dobavki-konservy-bakaleya']
85583658,Поставка продуктов питания (хлеб) сентябрь-декабрь,https://rostender.info/region/krasnodarskij-kraj/krasnodar/85583658-tender-postavka-produktov-pitaniya-hleb-sentyabr-dekabr, 03.08.25,08.08.2025,18:00,Краснодарский край,г. Краснодар,294 353 ₽,"['Крупы, Макароны, Хлебобулочные изделия, Крупяная и макаронная продукция, Зерно, Злаки']",['https://rostender.info/tendery-krupy-makarony-hlebobulochnye-izdeliya-krupyanaya-i-makaronnaya-produkciya-zerno-zlaki']
85583655,закупка масла и запчастей для школьного автобуса ПАЗ 32053-70,https://rostender.info/region/bryanskaya-oblast/sevsk/85583655-tender-zakupka-masla-i-zapchastej-dlya-shkolnogo-avtobusa-paz-32053-70, 03.08.25,05.08.2025,10:00,Брянская область,"Севский район,  село Бересток",4 950 ₽,['Запчасти для спецтехники'],['https://rostender.info/tendery-zapchasti-dlya-spectehniki']
85583643,Выполнение работ по текущему ремонту здания Ремонтно-механической МТУ (Полы + смотровая яма),https://rostender.info/region/moskovskaya-oblast/85583643-tender-vypolnenie-rabot-po-tekushchemu-remontu-zdaniya-remontno-mehanicheskoj-mtu-poly-smotrovaya-yama, 03.08.25,12.08.2025,10:00,Московская область,Московская обл,2 309 374 ₽,['Ремонт зданий и сооружений'],['https://rostender.info/tendery-remont-zdanij-i-soorujenij']
85583653,выполнение работ по строительству сетей водоснабжения и водоотведения от точки присоединения к централизованным сетям водоснабжения и водоотведения до точки присоединения к внутренним сетям объекта в г. Ханты-Мансийске,https://rostender.info/region/hanty-mansijskij-avtonomnyj-okrug---yugra-avtonomnyj-okrug/hanty-mansijsk/85583653-tender-vypolnenie-rabot-po-stroitelstvu-setej-vodosnabjeniya-i-vodootvedeniya-ot-tochki, 03.08.25,11.08.2025,07:00,Ханты-Мансийский Автономный округ - Югра автономный округ,г. Ханты-Мансийск,834 420 ₽,['Строительство и ремонт трубопроводов и прочих инженерных коммуникаций'],['https://rostender.info/tendery-stroitelstvo-i-remont-truboprovodov-i-prochih-injenernyh-kommunikacij']
85583650,Поставка посуды,https://rostender.info/region/omskaya-oblast/omsk/85583650-tender-postavka-posudy, 03.08.25,06.08.2025,07:00,Омская область,г. Омск,47 931 ₽,"['Хозяйственные товары, Товары широкого потребления, Бытовая химия и парфюмерия']",['https://rostender.info/tendery-hozyajstvennye-tovary-tovary-shirokogo-potrebleniya-bytovaya-himiya-i-parfyumeriya']
85583640,"Охранно-пожарная сигнализация; Расходные материалы для инструмента (буры, биты, диски); Электроустановочная продукция; Метизы и расходники",https://rostender.info/region/moskva-gorod/85583640-tender-ohranno-pojarnaya-signalizaciya-rashodnye-materialy-dlya-instrumenta-bury-bity-diski-elektroustanovochnaya-produkciya-metizy-i-rashodniki, 03.08.25,05.08.2025,,Москва город,г. Москва,—,"['Пожароохранное оборудование, сигнализация, видеонаблюдение, средства контроля доступа']",['https://rostender.info/tendery-pojaroohrannoe-oborudovanie-signalizaciya-videonablyudenie-sredstva-kontrolya-dostupa']
85583635,Технические газы и газовое оборудование,https://rostender.info/region/moskva-gorod/85583635-tender-tehnicheskie-gazy-i-gazovoe-oborudovanie, 03.08.25,15.08.2025,,Москва город,г. Москва,—,['Технические газы'],['https://rostender.info/tendery-tehnicheskie-gazy']
85583639,"Канцелярия; Электроды; СИЗ; Инструмент ручной; Электроустановочная продукция; Шланги резиновые, из ПВХ; Расходные материалы для инструмента (буры, биты, диски)",https://rostender.info/region/sankt-peterburg-gorod/85583639-tender-kancelyariya-elektrody-siz-instrument-ruchnoj-elektroustanovochnaya-produkciya-shlangi-rezinovye-iz-pvh-rashodnye-materialy-dlya, 03.08.25,12.08.2025,,Санкт-Петербург город,Санкт-Петербург,—,"['Инструменты', 'Средства индивидуальной защиты']","['https://rostender.info/tendery-instrumenty', 'https://rostender.info/tendery-sredstva-individualnoj-zashchity']"
85583638,услуги электрика по ремонту электрооборудования,https://rostender.info/region/krasnodarskij-kraj/ust-labinsk/85583638-tender-uslugi-elektrika-po-remontu-elektrooborudovaniya, 03.08.25,06.08.2025,12:44,Краснодарский край,"г. Усть-Лабинск; Усть-Лабинский район,  станица Воронежская; Динской район,  станица Васюринская",—,['Электротехнические работы в зданиях'],['https://rostender.info/tendery-elektrotehnicheskie-raboty-v-zdaniyah']
85583649,Тонометр автоматический,https://rostender.info/region/altajskij-kraj/barnaul/85583649-tender-tonometr-avtomaticheskij, 03.08.25,05.08.2025,09:30,Алтайский край,Барнаул,52 000 ₽,"['Медицинское оборудование, Медицинская техника, Медицинский инструмент']",['https://rostender.info/tendery-medicinskoe-oborudovanie-medicinskaya-tehnika-medicinskij-instrument']
85583631,Коллектор сжатого воздуха,https://rostender.info/region/permskij-kraj/85583631-tender-kollektor-sjatogo-vozduha, 03.08.25,08.08.2025,10:00,Пермский край,Усольский район,—,"['Трубопроводная и запорная арматура, радиаторы']",['https://rostender.info/tendery-truboprovodnaya-i-zapornaya-armatura-radiatory']
85583630,Газоходы для первой и второй линии сушки,https://rostender.info/region/permskij-kraj/85583630-tender-gazohody-dlya-pervoj-i-vtoroj-linii-sushki, 03.08.25,08.08.2025,12:00,Пермский край,Усольский район,—,"['Технологическое оборудование, монтаж и обслуживание']",['https://rostender.info/tendery-tehnologicheskoe-oborudovanie-montaj-i-obslujivanie']
85583647,Продукты питания (мясо говядина бескостное тазобедренный отруб) для нужд ФГБОУ д/с 258,https://rostender.info/region/novosibirskaya-oblast/novosibirsk/85583647-tender-produkty-pitaniya-myaso-govyadina-beskostnoe-tazobedrennyj-otrub-dlya-nujd-fgbou-ds-258, 03.08.25,04.08.2025,12:00,Новосибирская область,город Новосибирск,96 000 ₽,"['Мясо, Мясные продукты, Продукция животноводства и охоты']",['https://rostender.info/tendery-myaso-myasnye-produkty-produkciya-jivotnovodstva-i-ohoty']
85583645,"Журналы по внеурочной деятельности, мел канцелярский",https://rostender.info/region/bryanskaya-oblast/sevsk/85583645-tender-jurnaly-po-vneurochnoj-deyatelnosti-mel-kancelyarskij, 03.08.25,07.08.2025,12:32,Брянская область,"Севский район,  село Бересток",2 510 ₽,['Канцелярские принадлежности'],['https://rostender.info/tendery-kancelyarskie-prinadlejnosti']
85583644,"Поставка средств индивидуальной защиты – комбинезонов одноразовых для работы с биомассой для обеспечения деятельности Санкт-Петербургского государственного казенного учреждения ""Поисково-спасательная служба Санкт-Петербурга""",https://rostender.info/region/sankt-peterburg-gorod/85583644-tender-postavka-sredstv-individualnoj-zashchity-kombinezonov-odnorazovyh-dlya-raboty-s-biomassoj-dlya-obespecheniya-deyatelnosti-sankt, 03.08.25,04.08.2025,13:32,Санкт-Петербург город,Санкт-Петербург,591 858 ₽,['Средства индивидуальной защиты'],['https://rostender.info/tendery-sredstva-individualnoj-zashchity']
85583627,"Поставка , доставку, разгрузку, сборку стола ученического для оснащения объекта Строительство многофункционального центра детей и молодежи в селе Белый Яр, ул. Промышленная, 7",https://rostender.info/region/hakasiya-respublika/85583627-tender-postavka-dostavku-razgruzku-sborku-stola-uchenicheskogo-dlya-osnashcheniya-obekta-stroitelstvo-mnogofunkcionalnogo-centra-detej-i, 03.08.25,12.08.2025,10:00,Хакасия республика,"Алтайский район,  село Белый Яр",—,"['Мебель, Элементы интерьера', 'Учебное оборудование и материалы']","['https://rostender.info/tendery-mebel-elementy-interera', 'https://rostender.info/tendery-uchebnoe-oborudovanie-i-materialy']"
85583642,Поставка полотенец бумажных и салфеток нестерильных,https://rostender.info/region/stavropolskij-kraj/stavropol/85583642-tender-postavka-polotenec-bumajnyh-i-salfetok-nesterilnyh, 03.08.25,08.08.2025,10:00,Ставропольский край,г. Ставрополь,82 207 ₽,"['Хозяйственные товары, Товары широкого потребления, Бытовая химия и парфюмерия']",['https://rostender.info/tendery-hozyajstvennye-tovary-tovary-shirokogo-potrebleniya-bytovaya-himiya-i-parfyumeriya']
85583641,Поставка хозяйственных товаров,https://rostender.info/region/moskovskaya-oblast/naro-fominsk/85583641-tender-postavka-hozyajstvennyh-tovarov, 03.08.25,04.08.2025,13:19,Московская область,гп. Калининец Наро-Фоминский р-н,35 220 ₽,"['Хозяйственные товары, Товары широкого потребления, Бытовая химия и парфюмерия']",['https://rostender.info/tendery-hozyajstvennye-tovary-tovary-shirokogo-potrebleniya-bytovaya-himiya-i-parfyumeriya']
85583624,Оказание услуг грузоперевозящей техникой для нужд ЗАО Удмуртнефть-Бурение,https://rostender.info/region/udmurtskaya-respublika/85583624-tender-okazanie-uslug-gruzoperevozyashchej-tehnikoj-dlya-nujd-zao-udmurtneft-burenie, 03.08.25,11.08.2025,16:00,Удмуртская республика,Респ. Удмуртская,—,['Услуги грузовых автомобильных перевозок'],['https://rostender.info/tendery-uslugi-gruzovyh-avtomobilnyh-perevozok']
85583626,Услуги по завозу пищевой и технической жидкости воды для нужд буровых бригад при строительстве скважин на месторождениях ПАО Удмуртнефть имени В. И. Кудинова,https://rostender.info/region/udmurtskaya-respublika/85583626-tender-uslugi-po-zavozu-pishchevoj-i-tehnicheskoj-jidkosti-vody-dlya-nujd-burovyh-brigad-pri-stroitelstve-skvajin-na-mestorojdeniyah-pao, 03.08.25,11.08.2025,16:00,Удмуртская республика,Респ. Удмуртская,—,"['Автомобильные и моторные масла, смазки, технические жидкости', 'Обеспечение водоснабжением, подвоз воды']","['https://rostender.info/tendery-avtomobilnye-i-motornye-masla-smazki-tehnicheskie-jidkosti', 'https://rostender.info/tendery-obespechenie-vodosnabjeniem-podvoz-vody']"
85583625,Укрепление антитеррористической безопасности; оказание услуг по обеспечению охраны,https://rostender.info/tender/85583625, 03.08.25,08.08.2025,13:00,Тюменская область,Тюменская обл;г. Белоярский,516 800 ₽,"['Охранные услуги, Инкассация']",['https://rostender.info/tendery-ohrannye-uslugi-inkassaciya']
85583621,Замок для дверей,https://rostender.info/region/krasnodarskij-kraj/krasnodar/85583621-tender-zamok-dlya-dverej, 03.08.25,03.08.2025,12:12,Краснодарский край,г. Краснодар,92 000 ₽,"['Установка окон и дверей, Производство окон и дверей']",['https://rostender.info/tendery-ustanovka-okon-i-dverej-proizvodstvo-okon-i-dverej']
85583622,Клапан сливной,https://rostender.info/region/krasnodarskij-kraj/krasnodar/85583622-tender-klapan-slivnoj, 03.08.25,03.08.2025,12:40,Краснодарский край,г. Краснодар,36 000 ₽,"['Трубопроводная и запорная арматура, радиаторы']",['https://rostender.info/tendery-truboprovodnaya-i-zapornaya-armatura-radiatory']
85583632,Арматура; Проволока,https://rostender.info/region/sankt-peterburg-gorod/85583632-tender-armatura-provoloka, 03.08.25,05.08.2025,,Санкт-Петербург город,Санкт-Петербург,—,"['Стальные изделия, Металлопрокат, Листовой прокат из стали и черных металлов']",['https://rostender.info/tendery-stalnye-izdeliya-metalloprokat-listovoj-prokat-iz-stali-i-chernyh-metallov']
85583636,Сварная (арматурная) сетка,https://rostender.info/region/sankt-peterburg-gorod/85583636-tender-svarnaya-armaturnaya-setka, 03.08.25,14.08.2025,,Санкт-Петербург город,Санкт-Петербург,—,"['Стальные изделия, Металлопрокат, Листовой прокат из стали и черных металлов']",['https://rostender.info/tendery-stalnye-izdeliya-metalloprokat-listovoj-prokat-iz-stali-i-chernyh-metallov']
85583634,ГСМ,https://rostender.info/region/moskva-gorod/85583634-tender-gsm, 03.08.25,04.08.2025,,Москва город,г. Москва,—,"['Бензины. Дизельное топливо, Бункеровка судов']",['https://rostender.info/tendery-benziny-dizelnoe-toplivo-bunkerovka-sudov']
85583633,Лесопиломатериалы,https://rostender.info/region/sankt-peterburg-gorod/85583633-tender-lesopilomaterialy, 03.08.25,15.08.2025,,Санкт-Петербург город,Санкт-Петербург,—,['Пиломатериалы'],['https://rostender.info/tendery-pilomaterialy']
85583619,Ремонт двигателей внутреннего сгорания,https://rostender.info/region/vologodskaya-oblast/cherepovec/85583619-tender-remont-dvigatelej-vnutrennego-sgoraniya, 03.08.25,07.08.2025,12:00,Вологодская область,Череповец,—,['Ремонт и обслуживание автомобильной и спецтехники'],['https://rostender.info/tendery-remont-i-obslujivanie-avtomobilnoj-i-spectehniki']
85583628,Поставка свежесрезанных цветов в букетах,https://rostender.info/region/krasnodarskij-kraj/novorossijsk/85583628-tender-postavka-svejesrezannyh-cvetov-v-buketah, 03.08.25,04.08.2025,17:00,Краснодарский край,г. Новороссийск,—,"['Цветы, Семена, Саженцы']",['https://rostender.info/tendery-cvety-semena-sajency']
85583629,Поставка канцелярских товаров для нужд МБОУ центр Надежда,https://rostender.info/region/moskovskaya-oblast/elektrostal/85583629-tender-postavka-kancelyarskih-tovarov-dlya-nujd-mbou-centr-nadejda, 03.08.25,04.08.2025,09:00,Московская область,г. Электросталь,—,['Канцелярские принадлежности'],['https://rostender.info/tendery-kancelyarskie-prinadlejnosti']
85583611,Поставка продуктов питания (творог),https://rostender.info/tender/85583611, 03.08.25,08.08.2025,06:00,Тюменская область,Ханты-Мансийский Автономный округ - Югра АО; Тюменская обл; г. Югорск,630 000 ₽,"['Молочная продукция, Сыры, Мороженое']",['https://rostender.info/tendery-molochnaya-produkciya-syry-morojenoe']
85583609,Бетон; АБН,https://rostender.info/region/sverdlovskaya-oblast/85583609-tender-beton-abn, 03.08.25,03.08.2025,,Свердловская область,Свердловская обл,—,['Строительные материалы'],['https://rostender.info/tendery-stroitelnye-materialy']
85583620,Поставка оборудования для пищеблока,https://rostender.info/region/moskovskaya-oblast/balashiha/85583620-tender-postavka-oborudovaniya-dlya-pishchebloka, 03.08.25,05.08.2025,12:34,Московская область,г. Балашиха,564 000 ₽,"['Технологическое оборудование, монтаж и обслуживание']",['https://rostender.info/tendery-tehnologicheskoe-oborudovanie-montaj-i-obslujivanie']
85583616,"Оказание услуг по дополнительной профессиональной подготовке по программе Специалист, ответственный за обеспечение безопасности дорожного движения",https://rostender.info/region/omskaya-oblast/omsk/85583616-tender-okazanie-uslug-po-dopolnitelnoj-professionalnoj-podgotovke-po-programme-specialist-otvetstvennyj-za-obespechenie-bezopasnosti, 03.08.25,05.08.2025,09:00,Омская область,г. Омск,5 500 ₽,['Услуги в области образования и повышения квалификации'],['https://rostender.info/tendery-uslugi-v-oblasti-obrazovaniya-i-povysheniya-kvalifikacii']
85583615,поставка держателя для туалетной бумаги,https://rostender.info/region/belgorodskaya-oblast/belgorod/85583615-tender-postavka-derjatelya-dlya-tualetnoj-bumagi, 03.08.25,06.08.2025,10:00,Белгородская область,г. Белгород,8 200 ₽,"['Хозяйственные товары, Товары широкого потребления, Бытовая химия и парфюмерия']",['https://rostender.info/tendery-hozyajstvennye-tovary-tovary-shirokogo-potrebleniya-bytovaya-himiya-i-parfyumeriya']
85583618,Приобретение стульев офисных,https://rostender.info/region/krasnodarskij-kraj/novorossijsk/85583618-tender-priobretenie-stulev-ofisnyh, 03.08.25,04.08.2025,23:59,Краснодарский край,г. Новороссийск,39 500 ₽,"['Мебель, Элементы интерьера']",['https://rostender.info/tendery-mebel-elementy-interera']
85583617,Классные журналы,https://rostender.info/region/bryanskaya-oblast/sevsk/85583617-tender-klassnye-jurnaly, 03.08.25,07.08.2025,12:26,Брянская область,"Севский район,  село Бересток",2 250 ₽,['Полиграфическая печатная продукция. Полиграфические услуги'],['https://rostender.info/tendery-poligraficheskaya-pechatnaya-produkciya-poligraficheskie-uslugi']
85583614,Технический осмотр школьного автобуса ПAЗ 32053-70,https://rostender.info/region/bryanskaya-oblast/sevsk/85583614-tender-tehnicheskij-osmotr-shkolnogo-avtobusa-paz-32053-70, 03.08.25,05.08.2025,09:00,Брянская область,"Севский район,  село Бересток",2 500 ₽,['Ремонт и обслуживание автомобильной и спецтехники'],['https://rostender.info/tendery-remont-i-obslujivanie-avtomobilnoj-i-spectehniki']
85583612,Поставка полотенец бумажных,https://rostender.info/region/stavropolskij-kraj/stavropol/85583612-tender-postavka-polotenec-bumajnyh, 03.08.25,08.08.2025,10:00,Ставропольский край,г. Ставрополь,318 940 ₽,"['Хозяйственные товары, Товары широкого потребления, Бытовая химия и парфюмерия']",['https://rostender.info/tendery-hozyajstvennye-tovary-tovary-shirokogo-potrebleniya-bytovaya-himiya-i-parfyumeriya']
85583613,"Закупка:Индикатор ультразвуковой доплеровский оперативной диагностики скорости кровотока Минидоп-8 , Биосс, Россия– 1 Москва, АО К 31 Сити",https://rostender.info/region/moskva-gorod/85583613-tender-zakupkaindikator-ultrazvukovoj-doplerovskij-operativnoj-diagnostiki-skorosti-krovotoka-minidop-8-bioss-rossiya-1-moskva-ao-k-31-siti, 03.08.25,08.08.2025,12:21,Москва город,г. Москва,—,"['Медицинское оборудование, Медицинская техника, Медицинский инструмент']",['https://rostender.info/tendery-medicinskoe-oborudovanie-medicinskaya-tehnika-medicinskij-instrument']
85583606,"Поставка , доставку, разгрузку, сборку стола скульптурного для оснащения объекта Строительство многофункционального центра детей и молодежи в селе Белый Яр, ул. Промышленная, 7",https://rostender.info/region/hakasiya-respublika/85583606-tender-postavka-dostavku-razgruzku-sborku-stola-skulpturnogo-dlya-osnashcheniya-obekta-stroitelstvo-mnogofunkcionalnogo-centra-detej-i, 03.08.25,12.08.2025,10:00,Хакасия республика,"Алтайский район,  село Белый Яр",—,"['Мебель, Элементы интерьера']",['https://rostender.info/tendery-mebel-elementy-interera']
85583602,Фестиваль Река 2025,https://rostender.info/region/moskovskaya-oblast/korolev/85583602-tender-festival-reka-2025, 03.08.25,04.08.2025,15:00,Московская область,г. Королев,—,"['Организация концертов, праздников,билеты на концерты, показы фильмов и праздники']",['https://rostender.info/tendery-organizaciya-koncertov-prazdnikovbilety-na-koncerty-pokazy-filmov-i-prazdniki']
85583604,"Поставка , доставку, разгрузку, сборку стол натюрмортный для оснащения объекта Строительство многофункционального центра детей и молодежи в селе Белый Яр, ул. Промышленная, 7",https://rostender.info/region/hakasiya-respublika/85583604-tender-postavka-dostavku-razgruzku-sborku-stol-natyurmortnyj-dlya-osnashcheniya-obekta-stroitelstvo-mnogofunkcionalnogo-centra-detej-i, 03.08.25,12.08.2025,10:00,Хакасия республика,"Алтайский район,  село Белый Яр",—,"['Мебель, Элементы интерьера']",['https://rostender.info/tendery-mebel-elementy-interera']
85583603,"Поставка , доставку, разгрузку скульптурного станка для оснащения объекта Строительство многофункционального центра детей и молодежи в селе Белый Яр, ул. Промышленная, 7",https://rostender.info/region/hakasiya-respublika/85583603-tender-postavka-dostavku-razgruzku-skulpturnogo-stanka-dlya-osnashcheniya-obekta-stroitelstvo-mnogofunkcionalnogo-centra-detej-i-molodeji-v, 03.08.25,12.08.2025,06:00,Хакасия республика,"Алтайский район,  село Белый Яр",—,"['Металло- и дерево-обрабатывающее оборудование, Станки, монтаж и обслуживание']",['https://rostender.info/tendery-metallo--i-derevo-obrabatyvayushchee-oborudovanie-stanki-montaj-i-obslujivanie']
85583597,Оказание транспортных услуг по доставке брусчатки (г. Черногорск –г. Лесосибирск) для нужд филиала Северный АО КНП,https://rostender.info/tender/85583597, 03.08.25,11.08.2025,11:23,Хакасия республика,г. Черногорск; г. Лесосибирск,—,['Услуги грузовых автомобильных перевозок'],['https://rostender.info/tendery-uslugi-gruzovyh-avtomobilnyh-perevozok']
85583600,"Оказание услуг по демонтажу существующей системы пожарной сигнализации, системы оповещения и управления эвакуацией людей при пожаре, монтажу новой системы пожарной сигнализации, системы оповещения и управления эвакуацией людей при пожаре, в здании производственного корпуса и служебно-бытового корпуса цеха ремонта контейнеров / литер Д/ кад № 78:8225:1:23 № 04_0011101312/0 ( здание № 4 правое крыло) по адресу: 198035, г. Санкт-Петербург, вн. тер, Муниципальный округ Автово, дор. на Турухтанные острова д. 30, строение 2, помещение 1-Н, комната 309",https://rostender.info/region/sankt-peterburg-gorod/85583600-tender-okazanie-uslug-po-demontaju-sushchestvuyushchej-sistemy-pojarnoj-signalizacii-sistemy-opoveshcheniya-i-upravleniya-evakuaciej-lyudej, 03.08.25,11.08.2025,07:00,Санкт-Петербург город,г. Санкт-Петербург,3 937 778 ₽,"['Проектирование, монтаж и обслуживание сигнализации, пожароохранных, контрольно-пропускных систем и оборудования']",['https://rostender.info/tendery-proektirovanie-montaj-i-obslujivanie-signalizacii-pojaroohrannyh-kontrolno-propusknyh-sistem-i-oborudovaniya']
85583599,Приобретение расходных материалов для печатающих устройств,https://rostender.info/region/permskij-kraj/perm/85583599-tender-priobretenie-rashodnyh-materialov-dlya-pechatayushchih-ustrojstv, 03.08.25,12.08.2025,08:00,Пермский край,г. Пермь;г. Кизел,153 137 ₽,"['Офисное оборудование, Расходные материалы к офисному оборудованию']",['https://rostender.info/tendery-ofisnoe-oborudovanie-rashodnye-materialy-k-ofisnomu-oborudovaniyu']
85583595,Поставка (Средства индивидуальной защиты органов дыхания (СИЗОД)),https://rostender.info/region/udmurtskaya-respublika/ijevsk/85583595-tender-postavka-sredstva-individualnoj-zashchity-organov-dyhaniya-sizod, 03.08.25,11.08.2025,16:00,Удмуртская республика,г. Ижевск,—,['Средства индивидуальной защиты'],['https://rostender.info/tendery-sredstva-individualnoj-zashchity']
85583610,"Вывоз, транспортировка и последующее размещение (захоронение, утилизация) отходов IV-V классов опасности, образованных Сызранским РПУ Филиала Макрорегион Поволжье ООО ИК СИБИНТЕК",https://rostender.info/region/samarskaya-oblast/syzran/85583610-tender-vyvoz-transportirovka-i-posleduyushchee-razmeshchenie-zahoronenie-utilizaciya-othodov-iv-v-klassov-opasnosti-obrazovannyh, 03.08.25,08.08.2025,11:00,Самарская область,г. Сызрань,—,"['Услуги по утилизации и переработке промышленных и опасных медицинских отходов, загрязненных грунтов, шламов']",['https://rostender.info/tendery-uslugi-po-utilizacii-i-pererabotke-promyshlennyh-i-opasnyh-medicinskih-othodov-zagryaznennyh-gruntov-shlamov']
85583592,ЦРДЖТ. Ремонт эл. оборуд-ия тепловоза,https://rostender.info/region/vologodskaya-oblast/cherepovec/85583592-tender-crdjtremont-eloborud-iya-teplovoza, 03.08.25,10.08.2025,18:00,Вологодская область,Череповец,—,"['Железнодорожные составы, Локомотивы, Вагоны и их части']",['https://rostender.info/tendery-jeleznodorojnye-sostavy-lokomotivy-vagony-i-ih-chasti']
85583593,ППП (хп) ЦСО ТО манипуляторной установки,https://rostender.info/region/vologodskaya-oblast/cherepovec/85583593-tender-ppp-hp-cso-to-manipulyatornoj-ustanovki, 03.08.25,04.08.2025,13:00,Вологодская область,Череповец,—,"['Крановое и подъемное оборудование, монтаж и обслуживание']",['https://rostender.info/tendery-kranovoe-i-podemnoe-oborudovanie-montaj-i-obslujivanie']
85583591,"Строительные материалы, срочно. Упаковка по ГОСТ. (ЯЩИК! ) Покупатель - ООО ГРК ""Амикан"".",https://rostender.info/region/krasnoyarskij-kraj/krasnoyarsk/85583591-tender-stroitelnye-materialy-srochno-upakovka-po-gost-yashchik-pokupatel-ooo-grk-amikan, 03.08.25,06.08.2025,14:00,Красноярский край,г. Красноярск,—,['Тара и упаковка'],['https://rostender.info/tendery-tara-i-upakovka']
85583588,Организация и проведение большого летнего фестиваля добровольцев,https://rostender.info/region/kostromskaya-oblast/kostroma/85583588-tender-organizaciya-i-provedenie-bolshogo-letnego-festivalya-dobrovolcev, 03.08.25,08.08.2025,07:00,Костромская область,г. Кострома,60 000 ₽,"['Организация концертов, праздников,билеты на концерты, показы фильмов и праздники']",['https://rostender.info/tendery-organizaciya-koncertov-prazdnikovbilety-na-koncerty-pokazy-filmov-i-prazdniki']
85583585,Поставка электронного кухонного оборудования в ресторан филиала ОК Ватутинки ФГБУ ОК Бор,https://rostender.info/region/nijegorodskaya-oblast/bor/85583585-tender-postavka-elektronnogo-kuhonnogo-oborudovaniya-v-restoran-filiala-ok-vatutinki-fgbu-ok-bor, 03.08.25,12.08.2025,08:00,Нижегородская область,г. Бор,2 136 557 ₽,"['Технологическое оборудование, монтаж и обслуживание']",['https://rostender.info/tendery-tehnologicheskoe-oborudovanie-montaj-i-obslujivanie']
85583584,Поставка пончикового аппарата и блинницы электрической в ресторан филиала ОК Ватутинки ФГБУ ОК Бор,https://rostender.info/region/nijegorodskaya-oblast/bor/85583584-tender-postavka-ponchikovogo-apparata-i-blinnicy-elektricheskoj-v-restoran-filiala-ok-vatutinki-fgbu-ok-bor, 03.08.25,12.08.2025,08:00,Нижегородская область,г. Бор,617 213 ₽,"['Технологическое оборудование, монтаж и обслуживание']",['https://rostender.info/tendery-tehnologicheskoe-oborudovanie-montaj-i-obslujivanie']
85583607,Закупка товаров (32. 50. 13. 110-00004575 Шприц общего назначения ),https://rostender.info/region/rostovskaya-oblast/rostov-na-donu/85583607-tender-zakupka-tovarov-325013110-00004575-shpric-obshchego-naznacheniya, 03.08.25,03.08.2025,11:44,Ростовская область,г. Ростов-на-Дону,10 254 ₽,"['Медицинские расходные материалы, Средства реабилитации, Одноразовый медицинский инструмент']",['https://rostender.info/tendery-medicinskie-rashodnye-materialy-sredstva-reabilitacii-odnorazovyj-medicinskij-instrument']
85583601,"Поставка , доставку, разгрузку, сборку стеллажей библиотечных для оснащения объекта Строительство многофункционального центра детей и молодежи в селе Белый Яр, ул. Промышленная, 7",https://rostender.info/region/hakasiya-respublika/85583601-tender-postavka-dostavku-razgruzku-sborku-stellajej-bibliotechnyh-dlya-osnashcheniya-obekta-stroitelstvo-mnogofunkcionalnogo-centra-detej-i, 03.08.25,12.08.2025,06:00,Хакасия республика,"Алтайский район,  село Белый Яр",—,"['Торговое и складское оборудование, Оборудование для хранения']",['https://rostender.info/tendery-torgovoe-i-skladskoe-oborudovanie-oborudovanie-dlya-hraneniya']
85583605,"Поставка , доставку, разгрузку, сборку стола обеденного, школьного для оснащения объекта Строительство многофункционального центра детей и молодежи в селе Белый Яр, ул. Промышленная, 7",https://rostender.info/region/hakasiya-respublika/85583605-tender-postavka-dostavku-razgruzku-sborku-stola-obedennogo-shkolnogo-dlya-osnashcheniya-obekta-stroitelstvo-mnogofunkcionalnogo-centra-detej, 03.08.25,12.08.2025,10:00,Хакасия республика,"Алтайский район,  село Белый Яр",—,"['Мебель, Элементы интерьера']",['https://rostender.info/tendery-mebel-elementy-interera']
85583598,Оказание услуг по методическому сопровождению разработки дидактических и методических материалов для курса История нашего края в рамках учебного предмета История в 5-7 классах,https://rostender.info/region/permskij-kraj/perm/85583598-tender-okazanie-uslug-po-metodicheskomu-soprovojdeniyu-razrabotki-didakticheskih-i-metodicheskih-materialov-dlya-kursa-istoriya-nashego-kraya, 03.08.25,03.08.2025,12:30,Пермский край,г. Пермь,25 200 ₽,['Услуги в области образования и повышения квалификации'],['https://rostender.info/tendery-uslugi-v-oblasti-obrazovaniya-i-povysheniya-kvalifikacii']
85583580,"Благоустройство, озеленение",https://rostender.info/region/moskva-gorod/85583580-tender-blagoustrojstvo-ozelenenie, 03.08.25,08.08.2025,,Москва город,г. Москва,—,['Благоустройство и озеленение'],['https://rostender.info/tendery-blagoustrojstvo-i-ozelenenie']
85583581,"Воздуховоды и фасонные изделия; Стрейч, скотч, мешки; Метизы; Строительные леса и лестницы; СИЗ; Расходные материалы для инструмента (буры, биты, диски); Инструмент ручной; Ручной измерительный инструмент",https://rostender.info/region/donetskaya-narodnaya-respublika/donetsk/85583581-tender-vozduhovody-i-fasonnye-izdeliya-strejch-skotch-meshki-metizy-stroitelnye-lesa-i-lestnicy-siz-rashodnye-materialy, 03.08.25,11.08.2025,,Донецкая Народная Республика,Респ. Донецкая Народная,—,"['Трубопроводная и запорная арматура, радиаторы', 'Тара и упаковка']","['https://rostender.info/tendery-truboprovodnaya-i-zapornaya-armatura-radiatory', 'https://rostender.info/tendery-tara-i-upakovka']"
85583577,Поставка стрелоулавливателя (изолон-блока) для стрельбы из лука,https://rostender.info/region/habarovskij-kraj/habarovsk/85583577-tender-postavka-streloulavlivatelya-izolon-bloka-dlya-strelby-iz-luka, 03.08.25,04.08.2025,05:00,Хабаровский край,г. Хабаровск,—,"['Спортивные и туристические товары, Тренажеры, Спортивные площадки']",['https://rostender.info/tendery-sportivnye-i-turisticheskie-tovary-trenajery-sportivnye-ploshchadki']
85583594,Закупка противопожарного инвентаря (При выборе победителя приоритет отдаётся производителям и официальным представителям производителя),https://rostender.info/region/sverdlovskaya-oblast/polevskoj/85583594-tender-zakupka-protivopojarnogo-inventarya-pri-vybore-pobeditelya-prioritet-otdaetsya-proizvoditelyam-i-oficialnym-predstavitelyam, 03.08.25,06.08.2025,12:00,Свердловская область,г. Полевской,—,"['Противопожарное оборудование, инвентарь и его обслуживание']",['https://rostender.info/tendery-protivopojarnoe-oborudovanie-inventar-i-ego-obslujivanie']
85583574,Закупка сварочного инвентаря (При выборе победителя приоритет отдаётся производителям и официальным представителям производителя),https://rostender.info/region/sverdlovskaya-oblast/polevskoj/85583574-tender-zakupka-svarochnogo-inventarya-pri-vybore-pobeditelya-prioritet-otdaetsya-proizvoditelyam-i-oficialnym-predstavitelyam, 03.08.25,06.08.2025,11:00,Свердловская область,г. Полевской,—,"['Сталь, Чугун, Цветные и редкоземельные металлы, Сплавы, Руда металлическая', 'Оборудование для сварки и спайки, его обслуживание. Электроды']","['https://rostender.info/tendery-stal-chugun-cvetnye-i-redkozemelnye-metally-splavy-ruda-metallicheskaya', 'https://rostender.info/tendery-oborudovanie-dlya-svarki-i-spajki-ego-obslujivanie-elektrody']"
85583590,Оказание услуг обучения по программам дополнительного профессионального образования мобилизационной подготовки в организациях,https://rostender.info/region/moskva-gorod/85583590-tender-okazanie-uslug-obucheniya-po-programmam-dopolnitelnogo-professionalnogo-obrazovaniya-mobilizacionnoj-podgotovki-v-organizaciyah, 03.08.25,11.08.2025,11:04,Москва город,г. Москва,2 615 ₽,['Услуги в области образования и повышения квалификации'],['https://rostender.info/tendery-uslugi-v-oblasti-obrazovaniya-i-povysheniya-kvalifikacii']
85583589,Стол ученический двухместный регулируемый Агат,https://rostender.info/region/tatarstan-respublika/kazan/85583589-tender-stol-uchenicheskij-dvuhmestnyj-reguliruemyj-agat, 03.08.25,11.08.2025,13:24,Татарстан республика,г. Казань,54 080 ₽,"['Мебель, Элементы интерьера', 'Учебное оборудование и материалы']","['https://rostender.info/tendery-mebel-elementy-interera', 'https://rostender.info/tendery-uchebnoe-oborudovanie-i-materialy']"
85583587,Поставка товара (бензотриммера и воздуходувки),https://rostender.info/region/hanty-mansijskij-avtonomnyj-okrug---yugra-avtonomnyj-okrug/nijnevartovsk/85583587-tender-postavka-tovara-benzotrimmera-i-vozduhoduvki, 03.08.25,06.08.2025,05:30,Ханты-Мансийский Автономный округ - Югра автономный округ,Нижневартовск,—,"['Оборудование, инвентарь, товары для сельского хозяйства']",['https://rostender.info/tendery-oborudovanie-inventar-tovary-dlya-selskogo-hozyajstva']
85583586,Поставка личных карточек обучающихся,https://rostender.info/region/hanty-mansijskij-avtonomnyj-okrug---yugra-avtonomnyj-okrug/nijnevartovsk/85583586-tender-postavka-lichnyh-kartochek-obuchayushchihsya, 03.08.25,06.08.2025,05:30,Ханты-Мансийский Автономный округ - Югра автономный округ,Нижневартовск,—,['Полиграфическая печатная продукция. Полиграфические услуги'],['https://rostender.info/tendery-poligraficheskaya-pechatnaya-produkciya-poligraficheskie-uslugi']
85583583,Стул на металлическом каркасе,https://rostender.info/region/nijegorodskaya-oblast/bor/85583583-tender-stul-na-metallicheskom-karkase, 03.08.25,03.08.2025,11:14,Нижегородская область,г. Бор,29 815 ₽,"['Мебель, Элементы интерьера']",['https://rostender.info/tendery-mebel-elementy-interera']
85583573,"Технологическое присоединение инженерных сетей, водоснабжения, водоотведения модульной конструкции пункта временного размещения бригад скорой медицинской помощи",https://rostender.info/region/permskij-kraj/85583573-tender-tehnologicheskoe-prisoedinenie-injenernyh-setej-vodosnabjeniya-vodootvedeniya-modulnoj-konstrukcii-punkta-vremennogo-razmeshcheniya-brigad, 03.08.25,08.08.2025,06:00,Пермский край,"Пермский район,  поселок Юго-Камский",804 282 ₽,['Строительство и ремонт трубопроводов и прочих инженерных коммуникаций'],['https://rostender.info/tendery-stroitelstvo-i-remont-truboprovodov-i-prochih-injenernyh-kommunikacij']
85583582,Стол ученический двухместный регулируемый Агат,https://rostender.info/region/tatarstan-respublika/kazan/85583582-tender-stol-uchenicheskij-dvuhmestnyj-reguliruemyj-agat, 03.08.25,06.08.2025,14:27,Татарстан республика,г. Казань,54 080 ₽,"['Мебель, Элементы интерьера', 'Учебное оборудование и материалы']","['https://rostender.info/tendery-mebel-elementy-interera', 'https://rostender.info/tendery-uchebnoe-oborudovanie-i-materialy']"
85583579,Инструмент ручной; Метизы и расходники; Гидравлический инструмент; СИЗ,https://rostender.info/region/sankt-peterburg-gorod/85583579-tender-instrument-ruchnoj-metizy-i-rashodniki-gidravlicheskij-instrument-siz, 03.08.25,11.08.2025,,Санкт-Петербург город,Санкт-Петербург,—,"['Инструменты', 'Электрокерамика, Изоляторы, Диэлектрики, прочие электроизоляционные материалы']","['https://rostender.info/tendery-instrumenty', 'https://rostender.info/tendery-elektrokeramika-izolyatory-dielektriki-prochie-elektroizolyacionnye-materialy']"
85583578,Поставка стрелковых курток,https://rostender.info/region/habarovskij-kraj/habarovsk/85583578-tender-postavka-strelkovyh-kurtok, 03.08.25,04.08.2025,03:00,Хабаровский край,г. Хабаровск,—,"['Обувь, спецобувь, одежда, спецодежда']",['https://rostender.info/tendery-obuv-specobuv-odejda-specodejda']
85583576,"Поставка , доставку, разгрузку, сборку стеллажей библиотечных для оснащения объекта Строительство многофункционального центра детей и молодежи в селе Белый Яр, ул. Промышленная, 7",https://rostender.info/region/hakasiya-respublika/85583576-tender-postavka-dostavku-razgruzku-sborku-stellajej-bibliotechnyh-dlya-osnashcheniya-obekta-stroitelstvo-mnogofunkcionalnogo-centra-detej-i, 03.08.25,12.08.2025,06:00,Хакасия республика,"Алтайский район,  село Белый Яр",—,"['Торговое и складское оборудование, Оборудование для хранения']",['https://rostender.info/tendery-torgovoe-i-skladskoe-oborudovanie-oborudovanie-dlya-hraneniya']
85583575,"Поставка , доставку, разгрузку, сборку стеллажей библиотечных для оснащения объекта Строительство многофункционального центра детей и молодежи в селе Белый Яр, ул. Промышленная, 7",https://rostender.info/region/hakasiya-respublika/85583575-tender-postavka-dostavku-razgruzku-sborku-stellajej-bibliotechnyh-dlya-osnashcheniya-obekta-stroitelstvo-mnogofunkcionalnogo-centra-detej-i, 03.08.25,12.08.2025,06:00,Хакасия республика,"Алтайский район,  село Белый Яр",—,"['Торговое и складское оборудование, Оборудование для хранения']",['https://rostender.info/tendery-torgovoe-i-skladskoe-oborudovanie-oborudovanie-dlya-hraneniya']
85583570,Закупка ремкомплекта для ДЭС (500кВт),https://rostender.info/region/krasnoyarskij-kraj/norilsk/85583570-tender-zakupka-remkomplekta-dlya-des-500kvt, 03.08.25,05.08.2025,15:00,Красноярский край,г. Норильск,—,"['Генераторы, Трансформаторы, Электродвигатели, Реакторы, Энергетические установки']",['https://rostender.info/tendery-generatory-transformatory-elektrodvigateli-reaktory-energeticheskie-ustanovki']
85583567,Выполнение работ по ремонту кухни ресторана Главного корпуса инв. № 1010200001007131 для нужд филиала ОК Ватутинки ФГБУ ОК Бор,https://rostender.info/region/nijegorodskaya-oblast/bor/85583567-tender-vypolnenie-rabot-po-remontu-kuhni-restorana-glavnogo-korpusa-inv-1010200001007131-dlya-nujd-filiala-ok-vatutinki-fgbu-ok-bor, 03.08.25,11.08.2025,08:00,Нижегородская область,г. Бор,704 008 ₽,['Ремонт зданий и сооружений'],['https://rostender.info/tendery-remont-zdanij-i-soorujenij']
85583568,Выполнение работ по замене жироуловителя и участка канализации здания лицея для нужд филиала ОК Ватутинки ФГБУ ОК Бор,https://rostender.info/region/nijegorodskaya-oblast/bor/85583568-tender-vypolnenie-rabot-po-zamene-jiroulovitelya-i-uchastka-kanalizacii-zdaniya-liceya-dlya-nujd-filiala-ok-vatutinki-fgbu-ok-bor, 03.08.25,11.08.2025,08:00,Нижегородская область,г. Бор,460 033 ₽,"['Сантехнические работы, Внутренние сети водо-, тепло-, газо-снабжения и канализации', 'Очистное и Фильтрующее оборудование и материалы, монтаж и обслуживание']","['https://rostender.info/tendery-santehnicheskie-raboty-vnutrennie-seti-vodo--teplo--gazo-snabjeniya-i-kanalizacii', 'https://rostender.info/tendery-ochistnoe-i-filtruyushchee-oborudovanie-i-materialy-montaj-i-obslujivanie']"
85583569,Выполнение работ по ремонту помещений в административном здании,https://rostender.info/region/buryatiya-respublika/ulan-ude/85583569-tender-vypolnenie-rabot-po-remontu-pomeshchenij-v-administrativnom-zdanii, 03.08.25,08.08.2025,04:00,Бурятия республика,г. Улан-Удэ,995 655 ₽,['Ремонт зданий и сооружений'],['https://rostender.info/tendery-remont-zdanij-i-soorujenij']
85583572,ЭА. 25-1025-012Д655350 Поставка изделий медицинского назначения,https://rostender.info/region/kabardino-balkarskaya-respublika/nalchik/85583572-tender-ea25-1025-012d655350-postavka-izdelij-medicinskogo-naznacheniya, 03.08.25,11.08.2025,09:00,Кабардино-Балкарская республика,г. Нальчик,174 000 ₽,"['Медицинские расходные материалы, Средства реабилитации, Одноразовый медицинский инструмент']",['https://rostender.info/tendery-medicinskie-rashodnye-materialy-sredstva-reabilitacii-odnorazovyj-medicinskij-instrument']
85583566,"Канализационные трубы; Масла, смазки; Метизы; Дренажные системы",https://rostender.info/region/moskva-gorod/85583566-tender-kanalizacionnye-truby-masla-smazki-metizy-drenajnye-sistemy, 03.08.25,02.08.2025,,Москва город,г. Москва,—,['Металлические трубы'],['https://rostender.info/tendery-metallicheskie-truby']
85583562,Светодиодные светильники,https://rostender.info/region/moskovskaya-oblast/85583562-tender-svetodiodnye-svetilniki, 03.08.25,02.08.2025,,Московская область,Московская обл,—,"['Светотехническая продукция, Лампы и другое осветительное оборудование']",['https://rostender.info/tendery-svetotehnicheskaya-produkciya-lampy-i-drugoe-osvetitelnoe-oborudovanie']
85583540,Бетон,https://rostender.info/region/astrahanskaya-oblast/85583540-tender-beton, 03.08.25,03.08.2025,,Астраханская область,Астраханская обл,—,['Строительные материалы'],['https://rostender.info/tendery-stroitelnye-materialy']
85583551,Инструмент ручной,https://rostender.info/region/moskva-gorod/85583551-tender-instrument-ruchnoj, 03.08.25,06.08.2025,,Москва город,г. Москва,—,['Инструменты'],['https://rostender.info/tendery-instrumenty']
85583527,Щитовое оборудование,https://rostender.info/region/moskva-gorod/85583527-tender-shchitovoe-oborudovanie, 03.08.25,09.08.2025,,Москва город,г. Москва,—,"['Электрическая распределительная и регулирующая аппаратура, Электроустановочные изделия, Электронные компоненты']",['https://rostender.info/tendery-elektricheskaya-raspredelitelnaya-i-reguliruyushchaya-apparatura-elektroustanovochnye-izdeliya-elektronnye-komponenty']
85583530,Метизы; Бытовая техника,https://rostender.info/region/moskva-gorod/85583530-tender-metizy-bytovaya-tehnika, 03.08.25,04.08.2025,,Москва город,г. Москва,—,"['Метизы, Крепежные изделия', 'Бытовая техника (холодильники, телевизоры, микроволновые печи и пр.), ремонт и обслуживание']","['https://rostender.info/tendery-metizy-krepejnye-izdeliya', 'https://rostender.info/tendery-bytovaya-tehnika-holodilniki-televizory-mikrovolnovye-pechi-i-pr-remont-i-obslujivanie']"
85583537,"Метизы и расходники; Расходные материалы для инструмента (буры, биты, диски)",https://rostender.info/region/moskva-gorod/85583537-tender-metizy-i-rashodniki-rashodnye-materialy-dlya-instrumenta-bury-bity-diski, 03.08.25,10.08.2025,,Москва город,г. Москва,—,"['Инструменты', 'Металло- и дерево-обрабатывающее оборудование, Станки, монтаж и обслуживание']","['https://rostender.info/tendery-instrumenty', 'https://rostender.info/tendery-metallo--i-derevo-obrabatyvayushchee-oborudovanie-stanki-montaj-i-obslujivanie']"
85583544,Проволока; Древесно-плитные материалы; Лесопиломатериалы; Арматура; Металлические трубы (черные); Стальной лист,https://rostender.info/region/moskva-gorod/85583544-tender-provoloka-drevesno-plitnye-materialy-lesopilomaterialy-armatura-metallicheskie-truby-chernye-stalnoj-list, 03.08.25,05.08.2025,,Москва город,г. Москва,—,['Металлические трубы'],['https://rostender.info/tendery-metallicheskie-truby']
85583543,Метизы; Инструмент ручной,https://rostender.info/region/moskovskaya-oblast/85583543-tender-metizy-instrument-ruchnoj, 03.08.25,05.08.2025,,Московская область,Московская обл,—,"['Метизы, Крепежные изделия', 'Инструменты']","['https://rostender.info/tendery-metizy-krepejnye-izdeliya', 'https://rostender.info/tendery-instrumenty']"
85583554,Санфаянс,https://rostender.info/region/moskva-gorod/85583554-tender-sanfayans, 03.08.25,16.08.2025,,Москва город,г. Москва,—,['Сантехнические изделия. Неметаллические трубы'],['https://rostender.info/tendery-santehnicheskie-izdeliya-nemetallicheskie-truby']
85583553,Пластиковые короба,https://rostender.info/region/moskva-gorod/85583553-tender-plastikovye-koroba, 03.08.25,04.08.2025,,Москва город,г. Москва,—,['Канцелярские принадлежности'],['https://rostender.info/tendery-kancelyarskie-prinadlejnosti']
85583529,Аренда спецтехники,https://rostender.info/region/moskva-gorod/85583529-tender-arenda-spectehniki, 03.08.25,05.08.2025,,Москва город,г. Москва,—,"['Спецтехника, Коммунальные машины, Автобусы']",['https://rostender.info/tendery-spectehnika-kommunalnye-mashiny-avtobusy']
85583546,Линолеум,https://rostender.info/region/nijegorodskaya-oblast/85583546-tender-linoleum, 03.08.25,15.08.2025,,Нижегородская область,Нижегородская обл,—,['Отделочные материалы'],['https://rostender.info/tendery-otdelochnye-materialy']
85583558,"Компрессоры, генераторы; Электробензоинструмент",https://rostender.info/region/nijegorodskaya-oblast/85583558-tender-kompressory-generatory-elektrobenzoinstrument, 03.08.25,20.08.2025,,Нижегородская область,Нижегородская обл,—,"['Генераторы, Трансформаторы, Электродвигатели, Реакторы, Энергетические установки']",['https://rostender.info/tendery-generatory-transformatory-elektrodvigateli-reaktory-energeticheskie-ustanovki']
85583548,Канализационные трубы,https://rostender.info/region/sankt-peterburg-gorod/85583548-tender-kanalizacionnye-truby, 03.08.25,02.08.2025,,Санкт-Петербург город,Санкт-Петербург,—,['Металлические трубы'],['https://rostender.info/tendery-metallicheskie-truby']
85583555,Щебень и отсев; Песок; Геотекстиль; Сухие смеси; Бетон; Сварная (арматурная) сетка,https://rostender.info/region/moskva-gorod/85583555-tender-shcheben-i-otsev-pesok-geotekstil-suhie-smesi-beton-svarnaya-armaturnaya-setka, 03.08.25,15.08.2025,,Москва город,г. Москва,—,"['Продукция каменных карьеров, щебень, песок, глина', 'Стальные изделия, Металлопрокат, Листовой прокат из стали и черных металлов']","['https://rostender.info/tendery-produkciya-kamennyh-karerov-shcheben-pesok-glina', 'https://rostender.info/tendery-stalnye-izdeliya-metalloprokat-listovoj-prokat-iz-stali-i-chernyh-metallov']"
85583559,"Технические газы и газовое оборудование; Инструмент ручной; Такелаж (веревки, канаты, тросы); СИЗ; Стрейч, скотч, мешки; Метизы и расходники; Электроустановочная продукция; Сварочный инструмент; Хозяйственные товары; Спецодежда; Расходные материалы для инструмента (буры, биты, диски); Водонагреватели; Водоподготовка",https://rostender.info/region/moskva-gorod/85583559-tender-tehnicheskie-gazy-i-gazovoe-oborudovanie-instrument-ruchnoj-takelaj-verevki-kanaty-trosy-siz-strejch-skotch-meshki-metizy-i-rashodniki, 03.08.25,13.08.2025,,Москва город,г. Москва,—,"['Технологическое оборудование, монтаж и обслуживание', 'Бытовая техника (холодильники, телевизоры, микроволновые печи и пр.), ремонт и обслуживание', 'Тара и упаковка', 'Хозяйственные товары, Товары широкого потребления, Бытовая химия и парфюмерия', 'Овощи, Фрукты, в том числе консервированные, Сухофрукты']","['https://rostender.info/tendery-tehnologicheskoe-oborudovanie-montaj-i-obslujivanie', 'https://rostender.info/tendery-bytovaya-tehnika-holodilniki-televizory-mikrovolnovye-pechi-i-pr-remont-i-obslujivanie', 'https://rostender.info/tendery-tara-i-upakovka', 'https://rostender.info/tendery-hozyajstvennye-tovary-tovary-shirokogo-potrebleniya-bytovaya-himiya-i-parfyumeriya', 'https://rostender.info/tendery-ovoshchi-frukty-v-tom-chisle-konservirovannye-suhofrukty']"
85583534,Санфаянс,https://rostender.info/region/moskva-gorod/85583534-tender-sanfayans, 03.08.25,16.08.2025,,Москва город,г. Москва,—,['Сантехнические изделия. Неметаллические трубы'],['https://rostender.info/tendery-santehnicheskie-izdeliya-nemetallicheskie-truby']
85583549,Фасадные материалы,https://rostender.info/region/moskva-gorod/85583549-tender-fasadnye-materialy, 03.08.25,11.08.2025,,Москва город,г. Москва,—,['Строительные материалы'],['https://rostender.info/tendery-stroitelnye-materialy']
85583571,Приобретение гирлянд и комплектующих,https://rostender.info/region/moskovskaya-oblast/dmitrov/85583571-tender-priobretenie-girlyand-i-komplektuyushchih, 03.08.25,05.08.2025,10:28,Московская область,Город Дмитров,267 684 ₽,"['Светотехническая продукция, Лампы и другое осветительное оборудование', 'Оборудование для развлекательного бизнеса']","['https://rostender.info/tendery-svetotehnicheskaya-produkciya-lampy-i-drugoe-osvetitelnoe-oborudovanie', 'https://rostender.info/tendery-oborudovanie-dlya-razvlekatelnogo-biznesa']"
85583517,"Поставка , доставку, разгрузку, сборку шкафа для хранения документов для оснащения объекта Строительство многофункционального центра детей и молодежи в селе Белый Яр, ул. Промышленная, 7",https://rostender.info/region/hakasiya-respublika/85583517-tender-postavka-dostavku-razgruzku-sborku-shkafa-dlya-hraneniya-dokumentov-dlya-osnashcheniya-obekta-stroitelstvo-mnogofunkcionalnogo-centra, 03.08.25,12.08.2025,06:00,Хакасия республика,"Алтайский район,  село Белый Яр",—,"['Почтовая и курьерская связь, услуги по оформлению подписки на периодические издания']",['https://rostender.info/tendery-pochtovaya-i-kurerskaya-svyaz-uslugi-po-oformleniyu-podpiski-na-periodicheskie-izdaniya']
85583516,Доставка прицепа по маршруту Челябинск - Кемерово,https://rostender.info/region/kemerovskaya-oblast/kemerovo/85583516-tender-dostavka-pricepa-po-marshrutu-chelyabinsk-kemerovo, 03.08.25,07.08.2025,12:00,Кемеровская область,г. Кемерово,90 000 ₽,['Услуги грузовых автомобильных перевозок'],['https://rostender.info/tendery-uslugi-gruzovyh-avtomobilnyh-perevozok']
85583510,ЗК. 25-758/2-012Я353140 Поставка изделий медицинского назначения для оснащения женских консультаций,https://rostender.info/region/kabardino-balkarskaya-respublika/baksan/85583510-tender-zk25-7582-012ya353140-postavka-izdelij-medicinskogo-naznacheniya-dlya-osnashcheniya-jenskih-konsultacij, 03.08.25,08.08.2025,09:00,Кабардино-Балкарская республика,"Прохладненский район,  село Прималкинское; Лескенский район,  село Анзорей; Черекский район,  поселок городского типа Кашхатау; Баксанский район,  село Заюково; г. Баксан,  село Дыгулыбгей; Зольский район,  село Каменномостское; Чегемский район,  село Нартан",575 914 ₽,"['Медицинские расходные материалы, Средства реабилитации, Одноразовый медицинский инструмент']",['https://rostender.info/tendery-medicinskie-rashodnye-materialy-sredstva-reabilitacii-odnorazovyj-medicinskij-instrument']
85583508,Поставка мяса и печени,https://rostender.info/region/sverdlovskaya-oblast/berezovskij/85583508-tender-postavka-myasa-i-pecheni, 03.08.25,11.08.2025,09:00,Свердловская область,г. Березовский,555 550 ₽,"['Мясо, Мясные продукты, Продукция животноводства и охоты']",['https://rostender.info/tendery-myaso-myasnye-produkty-produkciya-jivotnovodstva-i-ohoty']
85583564,Запорно-регулирующая трубопроводная арматура; Полипропиленовые трубы (ППР); Детали трубопровода; Метизы,https://rostender.info/region/moskva-gorod/85583564-tender-zaporno-reguliruyushchaya-truboprovodnaya-armatura-polipropilenovye-truby-ppr-detali-truboprovoda-metizy, 03.08.25,07.08.2025,,Москва город,г. Москва,—,"['Трубопроводная и запорная арматура, радиаторы']",['https://rostender.info/tendery-truboprovodnaya-i-zapornaya-armatura-radiatory']
85583563,Строительная теплоизоляция,https://rostender.info/region/moskva-gorod/85583563-tender-stroitelnaya-teploizolyaciya, 03.08.25,07.08.2025,,Москва город,г. Москва,—,['Строительные материалы'],['https://rostender.info/tendery-stroitelnye-materialy']
85583565,"Метизы; Инструмент ручной; Расходные материалы для инструмента (буры, биты, диски); Проволока",https://rostender.info/region/moskva-gorod/85583565-tender-metizy-instrument-ruchnoj-rashodnye-materialy-dlya-instrumenta-bury-bity-diski-provoloka, 03.08.25,07.08.2025,,Москва город,г. Москва,—,"['Метизы, Крепежные изделия', 'Инструменты']","['https://rostender.info/tendery-metizy-krepejnye-izdeliya', 'https://rostender.info/tendery-instrumenty']"
85583557,Метизы,https://rostender.info/region/moskva-gorod/85583557-tender-metizy, 03.08.25,16.08.2025,,Москва город,г. Москва,—,"['Метизы, Крепежные изделия']",['https://rostender.info/tendery-metizy-krepejnye-izdeliya']
85583556,Чугунные трубы; Детали трубопровода,https://rostender.info/region/moskva-gorod/85583556-tender-chugunnye-truby-detali-truboprovoda, 03.08.25,16.08.2025,,Москва город,г. Москва,—,"['Трубопроводная и запорная арматура, радиаторы']",['https://rostender.info/tendery-truboprovodnaya-i-zapornaya-armatura-radiatory']
85583532,Клеи; Лакокрасочные материалы; Шпаклевки; Инструмент ручной; Гипсокартон и комплектующие; Ручной измерительный инструмент; Метизы и расходники; Штукатурки; Цементно-песчаные смеси; Техническая изоляция (для коммуникаций); Цемент,https://rostender.info/region/moskva-gorod/85583532-tender-klei-lakokrasochnye-materialy-shpaklevki-instrument-ruchnoj-gipsokarton-i-komplektuyushchie-ruchnoj-izmeritelnyj-instrument-metizy-i, 03.08.25,08.08.2025,,Москва город,г. Москва,—,"['Отделочные материалы', 'Строительные материалы']","['https://rostender.info/tendery-otdelochnye-materialy', 'https://rostender.info/tendery-stroitelnye-materialy']"
85583552,Керамзит,https://rostender.info/region/moskva-gorod/85583552-tender-keramzit, 03.08.25,04.08.2025,,Москва город,г. Москва,—,['Строительные материалы'],['https://rostender.info/tendery-stroitelnye-materialy']
85583560,Комплектующие для отделки,https://rostender.info/region/moskva-gorod/85583560-tender-komplektuyushchie-dlya-otdelki, 03.08.25,04.08.2025,,Москва город,г. Москва,—,['Металлургическая продукция из цветных металлов'],['https://rostender.info/tendery-metallurgicheskaya-produkciya-iz-cvetnyh-metallov']
85583550,"Асфальт, тротуарная плитка",https://rostender.info/region/moskva-gorod/85583550-tender-asfalt-trotuarnaya-plitka, 03.08.25,08.08.2025,,Москва город,г. Москва,—,"['Материалы для строительства дорог, ЖД путей']",['https://rostender.info/tendery-materialy-dlya-stroitelstva-dorog-jd-putej']
85583561,Запорно-регулирующая трубопроводная арматура; Метизы,https://rostender.info/region/moskva-gorod/85583561-tender-zaporno-reguliruyushchaya-truboprovodnaya-armatura-metizy, 03.08.25,06.08.2025,,Москва город,г. Москва,—,"['Трубопроводная и запорная арматура, радиаторы']",['https://rostender.info/tendery-truboprovodnaya-i-zapornaya-armatura-radiatory']
85583545,Лакокрасочные материалы,https://rostender.info/region/moskva-gorod/85583545-tender-lakokrasochnye-materialy, 03.08.25,02.08.2025,,Москва город,г. Москва,—,"['Краски, Лаки, Клеи']",['https://rostender.info/tendery-kraski-laki-klei']
85583531,Канцелярия,https://rostender.info/region/moskva-gorod/85583531-tender-kancelyariya, 03.08.25,06.08.2025,,Москва город,г. Москва,—,['Канцелярские принадлежности'],['https://rostender.info/tendery-kancelyarskie-prinadlejnosti']
85583539,Клеи,https://rostender.info/region/moskva-gorod/85583539-tender-klei, 03.08.25,08.08.2025,,Москва город,г. Москва,—,"['Краски, Лаки, Клеи']",['https://rostender.info/tendery-kraski-laki-klei']
85583526,"Огнезащитные краски, составы",https://rostender.info/region/moskva-gorod/85583526-tender-ognezashchitnye-kraski-sostavy, 03.08.25,04.08.2025,,Москва город,г. Москва,—,"['Краски, Лаки, Клеи']",['https://rostender.info/tendery-kraski-laki-klei']
85583538,Щитовое оборудование,https://rostender.info/region/moskva-gorod/85583538-tender-shchitovoe-oborudovanie, 03.08.25,09.08.2025,,Москва город,г. Москва,—,"['Электрическая распределительная и регулирующая аппаратура, Электроустановочные изделия, Электронные компоненты']",['https://rostender.info/tendery-elektricheskaya-raspredelitelnaya-i-reguliruyushchaya-apparatura-elektroustanovochnye-izdeliya-elektronnye-komponenty']
85583533,Вентиляционные решетки; Техническая изоляция (для коммуникаций); Метизы и расходники; Клеи,https://rostender.info/region/moskva-gorod/85583533-tender-ventilyacionnye-reshetki-tehnicheskaya-izolyaciya-dlya-kommunikacij-metizy-i-rashodniki-klei, 03.08.25,05.08.2025,,Москва город,г. Москва,—,"['Строительные материалы', 'Краски, Лаки, Клеи']","['https://rostender.info/tendery-stroitelnye-materialy', 'https://rostender.info/tendery-kraski-laki-klei']"
85583528,Строительная теплоизоляция,https://rostender.info/region/moskva-gorod/85583528-tender-stroitelnaya-teploizolyaciya, 03.08.25,06.08.2025,,Москва город,г. Москва,—,['Строительные материалы'],['https://rostender.info/tendery-stroitelnye-materialy']
85583535,Канцелярия,https://rostender.info/region/sankt-peterburg-gorod/85583535-tender-kancelyariya, 03.08.25,08.08.2025,,Санкт-Петербург город,Санкт-Петербург,—,['Канцелярские принадлежности'],['https://rostender.info/tendery-kancelyarskie-prinadlejnosti']
85583547,Техническая изоляция (для коммуникаций),https://rostender.info/region/moskva-gorod/85583547-tender-tehnicheskaya-izolyaciya-dlya-kommunikacij, 03.08.25,10.08.2025,,Москва город,г. Москва,—,['Строительные материалы'],['https://rostender.info/tendery-stroitelnye-materialy']
85583542,Канцелярия,https://rostender.info/region/moskva-gorod/85583542-tender-kancelyariya, 03.08.25,07.08.2025,,Москва город,г. Москва,—,['Канцелярские принадлежности'],['https://rostender.info/tendery-kancelyarskie-prinadlejnosti']
85583541,"Расходные материалы для инструмента (буры, биты, диски)",https://rostender.info/region/moskva-gorod/85583541-tender-rashodnye-materialy-dlya-instrumenta-bury-bity-diski, 03.08.25,06.08.2025,,Москва город,г. Москва,—,['Инструменты'],['https://rostender.info/tendery-instrumenty']
85583524,Закупка канцелярии для школы,https://rostender.info/region/leningradskaya-oblast/vsevolojsk/85583524-tender-zakupka-kancelyarii-dlya-shkoly, 03.08.25,06.08.2025,18:00,Ленинградская область,"Всеволожский район,  деревня Гарболово",97 862 ₽,"['Канцелярские принадлежности', 'Чай, Кофе, Какао, Соль, Сахар, Специи, Пищевые добавки, Консервы, Бакалея']","['https://rostender.info/tendery-kancelyarskie-prinadlejnosti', 'https://rostender.info/tendery-chaj-kofe-kakao-sol-sahar-specii-pishchevye-dobavki-konservy-bakaleya']"
85583525,Закупка кабеля и розетки,https://rostender.info/region/leningradskaya-oblast/vsevolojsk/85583525-tender-zakupka-kabelya-i-rozetki, 03.08.25,04.08.2025,11:00,Ленинградская область,"Всеволожский район,  деревня Гарболово",21 700 ₽,['Кабельно-проводниковая продукция'],['https://rostender.info/tendery-kabelno-provodnikovaya-produkciya']
85583522,ЖАЛЮЗИ ОКОННЫЕ,https://rostender.info/region/moskva-gorod/85583522-tender-jalyuzi-okonnye, 03.08.25,05.08.2025,09:00,Москва город,г. Москва,486 360 ₽,"['Установка окон и дверей, Производство окон и дверей', 'Мебель, Элементы интерьера']","['https://rostender.info/tendery-ustanovka-okon-i-dverej-proizvodstvo-okon-i-dverej', 'https://rostender.info/tendery-mebel-elementy-interera']"
85583523,Поставка инвентаря для оснащения пищеблока в МОУ Гарболовская СОШ,https://rostender.info/region/leningradskaya-oblast/vsevolojsk/85583523-tender-postavka-inventarya-dlya-osnashcheniya-pishchebloka-v-mou-garbolovskaya-sosh, 03.08.25,06.08.2025,18:00,Ленинградская область,"Всеволожский район,  деревня Гарболово",128 523 ₽,"['Сантехнические изделия. Неметаллические трубы', 'Технологическое оборудование, монтаж и обслуживание', 'Конфеты, Шоколад, Прочие кондитерские изделия']","['https://rostender.info/tendery-santehnicheskie-izdeliya-nemetallicheskie-truby', 'https://rostender.info/tendery-tehnologicheskoe-oborudovanie-montaj-i-obslujivanie', 'https://rostender.info/tendery-konfety-shokolad-prochie-konditerskie-izdeliya']"
85583520,"Поставка , доставку, разгрузку, сборку шкафов деревянных для документов, для оснащения объекта ""Строительство многофункционального центра детей и молодежи в селе Белый Яр, ул. Промышленная, 7""",https://rostender.info/region/hakasiya-respublika/85583520-tender-postavka-dostavku-razgruzku-sborku-shkafov-derevyannyh-dlya-dokumentov-dlya-osnashcheniya-obekta-stroitelstvo-mnogofunkcionalnogo, 03.08.25,12.08.2025,06:00,Хакасия республика,"Алтайский район,  село Белый Яр",—,"['Мебель, Элементы интерьера']",['https://rostender.info/tendery-mebel-elementy-interera']
85583519,"Поставка , доставку, разгрузку, сборку шкафов металлических , хозяйственных для оснащения объекта ""Строительство многофункционального центра детей и молодежи в селе Белый Яр, ул. Промышленная, 7""",https://rostender.info/region/hakasiya-respublika/85583519-tender-postavka-dostavku-razgruzku-sborku-shkafov-metallicheskih-hozyajstvennyh-dlya-osnashcheniya-obekta-stroitelstvo-mnogofunkcionalnogo, 03.08.25,12.08.2025,06:00,Хакасия республика,"Алтайский район,  село Белый Яр",—,"['Торговое и складское оборудование, Оборудование для хранения', 'Мебель, Элементы интерьера']","['https://rostender.info/tendery-torgovoe-i-skladskoe-oborudovanie-oborudovanie-dlya-hraneniya', 'https://rostender.info/tendery-mebel-elementy-interera']"
85583521,"Поставка , доставку, разгрузку, сборку шкафов для одежды металлический , для оснащения объекта Строительство многофункционального центра детей и молодежи в селе Белый Яр, ул. Промышленная, 7",https://rostender.info/region/hakasiya-respublika/85583521-tender-postavka-dostavku-razgruzku-sborku-shkafov-dlya-odejdy-metallicheskij-dlya-osnashcheniya-obekta-stroitelstvo-mnogofunkcionalnogo, 03.08.25,12.08.2025,06:00,Хакасия республика,"Алтайский район,  село Белый Яр",—,"['Мебель, Элементы интерьера']",['https://rostender.info/tendery-mebel-elementy-interera']
85583518,"Поставка , доставку, разгрузку, сборку шкафа для одежды деревянный , для оснащения объекта Строительство многофункционального центра детей и молодежи в селе Белый Яр, ул. Промышленная, 7",https://rostender.info/region/hakasiya-respublika/85583518-tender-postavka-dostavku-razgruzku-sborku-shkafa-dlya-odejdy-derevyannyj-dlya-osnashcheniya-obekta-stroitelstvo-mnogofunkcionalnogo-centra, 03.08.25,12.08.2025,06:00,Хакасия республика,"Алтайский район,  село Белый Яр",—,"['Мебель, Элементы интерьера']",['https://rostender.info/tendery-mebel-elementy-interera']
85583502,Поставка дорожных знаков,https://rostender.info/region/sahalinskaya-oblast/85583502-tender-postavka-dorojnyh-znakov, 03.08.25,08.08.2025,02:00,Сахалинская область,"Анивский район,  село Петропавловское",1 435 395 ₽,"['Материалы для строительства дорог, ЖД путей']",['https://rostender.info/tendery-materialy-dlya-stroitelstva-dorog-jd-putej']
85583515,"Выполнение работ по модернизации системы автоматической пожарной сигнализации, системы оповещения для нужд МАУ ДО СШОР Белка",https://rostender.info/region/moskovskaya-oblast/kotelniki/85583515-tender-vypolnenie-rabot-po-modernizacii-sistemy-avtomaticheskoj-pojarnoj-signalizacii-sistemy-opoveshcheniya-dlya-nujd-mau-do-sshor, 03.08.25,11.08.2025,10:00,Московская область,г. Котельники,1 570 000 ₽,"['Проектирование, монтаж и обслуживание сигнализации, пожароохранных, контрольно-пропускных систем и оборудования']",['https://rostender.info/tendery-proektirovanie-montaj-i-obslujivanie-signalizacii-pojaroohrannyh-kontrolno-propusknyh-sistem-i-oborudovaniya']
85583514,Профиль стальной листовой гнутый с трапециевидными гофрами,https://rostender.info/region/bashkortostan-respublika/ufa/85583514-tender-profil-stalnoj-listovoj-gnutyj-s-trapecievidnymi-goframi, 03.08.25,03.08.2025,10:03,Башкортостан республика,г. Уфа,172 200 ₽,"['Стальные изделия, Металлопрокат, Листовой прокат из стали и черных металлов']",['https://rostender.info/tendery-stalnye-izdeliya-metalloprokat-listovoj-prokat-iz-stali-i-chernyh-metallov']
85583513,Закупка товаров (20. 30. 12. 120-00000002 Краска масляная),https://rostender.info/region/bashkortostan-respublika/ufa/85583513-tender-zakupka-tovarov-203012120-00000002-kraska-maslyanaya, 03.08.25,03.08.2025,09:38,Башкортостан республика,г. Уфа,92 400 ₽,"['Краски, Лаки, Клеи']",['https://rostender.info/tendery-kraski-laki-klei']
85583506,Поставка шовного материала с иглами,https://rostender.info/region/chelyabinskaya-oblast/chelyabinsk/85583506-tender-postavka-shovnogo-materiala-s-iglami, 03.08.25,12.08.2025,07:00,Челябинская область,г. Челябинск,8 600 000 ₽,"['Медицинские расходные материалы, Средства реабилитации, Одноразовый медицинский инструмент']",['https://rostender.info/tendery-medicinskie-rashodnye-materialy-sredstva-reabilitacii-odnorazovyj-medicinskij-instrument']
85583509,ЭА. 25-960/2-012Д655350 Поставка изделий медицинского назначения,https://rostender.info/region/kabardino-balkarskaya-respublika/nalchik/85583509-tender-ea25-9602-012d655350-postavka-izdelij-medicinskogo-naznacheniya, 03.08.25,11.08.2025,00:00,Кабардино-Балкарская республика,г. Нальчик,227 733 ₽,"['Медицинские расходные материалы, Средства реабилитации, Одноразовый медицинский инструмент']",['https://rostender.info/tendery-medicinskie-rashodnye-materialy-sredstva-reabilitacii-odnorazovyj-medicinskij-instrument']
85583507,Поставка шовного материала без игл и сеток хирургических,https://rostender.info/region/chelyabinskaya-oblast/chelyabinsk/85583507-tender-postavka-shovnogo-materiala-bez-igl-i-setok-hirurgicheskih, 03.08.25,12.08.2025,07:00,Челябинская область,г. Челябинск,4 500 000 ₽,"['Медицинские расходные материалы, Средства реабилитации, Одноразовый медицинский инструмент']",['https://rostender.info/tendery-medicinskie-rashodnye-materialy-sredstva-reabilitacii-odnorazovyj-medicinskij-instrument']
85583512,Поставка канцелярских товаров,https://rostender.info/region/moskva-gorod/85583512-tender-postavka-kancelyarskih-tovarov, 03.08.25,08.08.2025,09:00,Москва город,г. Москва,317 403 ₽,['Канцелярские принадлежности'],['https://rostender.info/tendery-kancelyarskie-prinadlejnosti']
85583511,Поставка канцелярских товаров,https://rostender.info/region/moskva-gorod/85583511-tender-postavka-kancelyarskih-tovarov, 03.08.25,08.08.2025,09:00,Москва город,г. Москва,289 871 ₽,['Канцелярские принадлежности'],['https://rostender.info/tendery-kancelyarskie-prinadlejnosti']
85583505,"Работы по расчету пожарных рисков, расчет категорий производственных и складских помещений по взрывопожарной и пожарной опасности, разработка декларации пожарной безопасности на объекте К2 по адресу: г. СПб, набережная реки Малой Невки, д. 6",https://rostender.info/region/sankt-peterburg-gorod/85583505-tender-raboty-po-raschetu-pojarnyh-riskov-raschet-kategorij-proizvodstvennyh-i-skladskih-pomeshchenij-po-vzryvopojarnoj-i-pojarnoj, 03.08.25,04.08.2025,09:54,Санкт-Петербург город,г. Санкт-Петербург,390 000 ₽,"['Противопожарная деятельность, Обучение противопожарной безопасности']",['https://rostender.info/tendery-protivopojarnaya-deyatelnost-obuchenie-protivopojarnoj-bezopasnosti']
85583504,Контакторы и реле Schneider Electric (Заявка ПР-0817),https://rostender.info/region/amurskaya-oblast/blagoveshchensk/85583504-tender-kontaktory-i-rele-schneider-electric-zayavka-pr-0817, 03.08.25,07.08.2025,15:00,Амурская область,г. Благовещенск,—,"['Электрическая распределительная и регулирующая аппаратура, Электроустановочные изделия, Электронные компоненты']",['https://rostender.info/tendery-elektricheskaya-raspredelitelnaya-i-reguliruyushchaya-apparatura-elektroustanovochnye-izdeliya-elektronnye-komponenty']
85583503,Оказание услуг по продлению неисключительных прав на использование антивирусного программного обеспечения Kaspersky Endpoint Security для бизнеса - Расширенный,https://rostender.info/region/moskovskaya-oblast/klin/85583503-tender-okazanie-uslug-po-prodleniyu-neisklyuchitelnyh-prav-na-ispolzovanie-antivirusnogo-programmnogo-obespecheniya-kaspersky-endpoint, 03.08.25,05.08.2025,09:19,Московская область,Город Клин,221 616 ₽,['Программное обеспечение. Сопровождение'],['https://rostender.info/tendery-programmnoe-obespechenie-soprovojdenie']
85583489,"Монтаж металлоконструкций в рамках технического перевооружения ГК ЗИФ отд. флотации АО ""ТЗРК""",https://rostender.info/region/saha-yakutiya-respublika/85583489-tender-montaj-metallokonstrukcij-v-ramkah-tehnicheskogo-perevoorujeniya-gk-zif-otd-flotacii-ao-tzrk, 03.08.25,12.08.2025,11:00,Саха /Якутия/ республика,"Оймяконский улус,  поселок городского типа Усть-Нера",—,"['Строительно-монтажные работы, Монтаж конструкций и ограждений']",['https://rostender.info/tendery-stroitelno-montajnye-raboty-montaj-konstrukcij-i-ograjdenij']
85583490,Буксировка прицепа по маршруту Челябинск- Омск,https://rostender.info/tender/85583490, 03.08.25,07.08.2025,12:00,Омская область,г. Челябинск; г. Омск,85 000 ₽,['Услуги грузовых автомобильных перевозок'],['https://rostender.info/tendery-uslugi-gruzovyh-avtomobilnyh-perevozok']
85583488,"Монтаж металлоконструкций в рамках технического перевооружения ГК ЗИФ для устройства кранового пути в отделении флотации (оси Ж-И/2-4) АО ""ТЗРК""",https://rostender.info/region/saha-yakutiya-respublika/85583488-tender-montaj-metallokonstrukcij-v-ramkah-tehnicheskogo-perevoorujeniya-gk-zif-dlya-ustrojstva-kranovogo-puti-v-otdelenii-flotacii-osi-j, 03.08.25,12.08.2025,12:00,Саха /Якутия/ республика,"Оймяконский улус,  поселок городского типа Усть-Нера",—,"['Строительство, ремонт и обслуживание дорог, мостов, тоннелей  и ЖД путей', 'Крановое и подъемное оборудование, монтаж и обслуживание']","['https://rostender.info/tendery-stroitelstvo-remont-i-obslujivanie-dorog-mostov-tonnelej--i-jd-putej', 'https://rostender.info/tendery-kranovoe-i-podemnoe-oborudovanie-montaj-i-obslujivanie']"
85583485,Поставка контейнеров для твердых бытовых отходов,https://rostender.info/region/smolenskaya-oblast/smolensk/85583485-tender-postavka-kontejnerov-dlya-tverdyh-bytovyh-othodov, 03.08.25,11.08.2025,09:00,Смоленская область,"Смоленский район,  деревня Тепличный комбинат N1",—,"['Промышленные резервуары и ёмкости, ремонт и обслуживание']",['https://rostender.info/tendery-promyshlennye-rezervuary-i-emkosti-remont-i-obslujivanie']
85583499,Одежда для поваров (Корпус 1),https://rostender.info/region/moskovskaya-oblast/solnechnogorsk/85583499-tender-odejda-dlya-povarov-korpus-1, 03.08.25,04.08.2025,09:34,Московская область,"г. Солнечногорск,  деревня Тимоново",51 852 ₽,"['Обувь, спецобувь, одежда, спецодежда']",['https://rostender.info/tendery-obuv-specobuv-odejda-specodejda']
85583500,"Оказание услуг по благоустройству общественных мест станицы Дядьковской: спил (уничтожение), санитарная рубка, санитарная омолаживающая обрезка зеленых насаждений 3 этап (с уборкой территории от мусора)согласно сметы",https://rostender.info/region/krasnodarskij-kraj/korenovsk/85583500-tender-okazanie-uslug-po-blagoustrojstvu-obshchestvennyh-mest-stanicy-dyadkovskoj-spil-unichtojenie-sanitarnaya-rubka-sanitarnaya, 03.08.25,05.08.2025,00:01,Краснодарский край,"Кореновский район,  станица Дядьковская",149 850 ₽,['Благоустройство и озеленение'],['https://rostender.info/tendery-blagoustrojstvo-i-ozelenenie']
85583501,"Услуги по благоустройству общественных мест Дядьковского сельского поселения – косьба сорной растительности(высота травостоя до 40см) бензотриммером по улицам в станице Дядьковской(140 соток): Переулок Южный от ул. Советской до ул. У\Чапаева (70 соток - 0, 7га)); ул. Степная от ул. Ленина до ул. К. Маркса (70 соток- 0, 7 га)",https://rostender.info/region/krasnodarskij-kraj/korenovsk/85583501-tender-uslugi-po-blagoustrojstvu-obshchestvennyh-mest-dyadkovskogo-selskogo-poseleniya-kosba-sornoj-rastitelnostivysota-travostoya, 03.08.25,05.08.2025,00:01,Краснодарский край,"Кореновский район,  станица Дядьковская",61 600 ₽,['Благоустройство и озеленение'],['https://rostender.info/tendery-blagoustrojstvo-i-ozelenenie']
85583496,Поставка огнетушителей,https://rostender.info/region/krasnodarskij-kraj/temryuk/85583496-tender-postavka-ognetushitelej, 03.08.25,05.08.2025,09:00,Краснодарский край,г. Темрюк,4 340 ₽,"['Противопожарное оборудование, инвентарь и его обслуживание']",['https://rostender.info/tendery-protivopojarnoe-oborudovanie-inventar-i-ego-obslujivanie']
85583498,Поставка продуктов питания (бакалейной группы),https://rostender.info/region/krasnodarskij-kraj/ejsk/85583498-tender-postavka-produktov-pitaniya-bakalejnoj-gruppy, 03.08.25,05.08.2025,10:00,Краснодарский край,"Ейский район,  станица Камышеватская",13 190 ₽,"['Крупы, Макароны, Хлебобулочные изделия, Крупяная и макаронная продукция, Зерно, Злаки', 'Чай, Кофе, Какао, Соль, Сахар, Специи, Пищевые добавки, Консервы, Бакалея']","['https://rostender.info/tendery-krupy-makarony-hlebobulochnye-izdeliya-krupyanaya-i-makaronnaya-produkciya-zerno-zlaki', 'https://rostender.info/tendery-chaj-kofe-kakao-sol-sahar-specii-pishchevye-dobavki-konservy-bakaleya']"
85583497,Товары для нужд детского сада,https://rostender.info/region/krasnodarskij-kraj/85583497-tender-tovary-dlya-nujd-detskogo-sada, 03.08.25,05.08.2025,02:00,Краснодарский край,"Кавказский район,  станица Темижбекская",4 905 ₽,"['Хозяйственные товары, Товары широкого потребления, Бытовая химия и парфюмерия']",['https://rostender.info/tendery-hozyajstvennye-tovary-tovary-shirokogo-potrebleniya-bytovaya-himiya-i-parfyumeriya']
85583492,Металлические трубы (черные),https://rostender.info/region/moskva-gorod/85583492-tender-metallicheskie-truby-chernye, 03.08.25,10.08.2025,,Москва город,г. Москва,—,['Металлические трубы'],['https://rostender.info/tendery-metallicheskie-truby']
